Name,City,State,TNI Lab Code
(809) US Air Force - Hill AFB Chemical Science Laboratory,Hill AFB,Utah,TNI01949
3B Analytical,Portland,Oregon,TNI02455
"A & B Environmental Services, Inc.",Houston,Texas,TNI00025
"A & B Environmental Services, Inc. Golden Triangle",Nederland,Texas,TNI02808
"A & B Environmental Services, Inc. Golden Triangle",Nederland,Texas,TNI02810
"A & B Environmental Services, Inc. Golden Triangle",Nederland,Texas,TNI02812
"A & B Environmental Services, Inc. Golden Triangle",Nederland,Texas,TNI02819
"A & B Environmental Services, Inc. Golden Triangle",Nederland,Texas,TNI02823
"A & B Environmental Services, Inc. Golden Triangle",Nederland,Texas,TNI02869
A & P WATER TESTING,MORRISVILLE,New York,TNI01692
"A.W. Research Laboratories, Inc.",Brainerd,Minnesota,TNI01083
"AbbVie Environmental, Health and Safety Laboratory",Abbot Park,Illinois,TNI02017
Abilene - Taylor County Public Health District,Abilene,Texas,TNI00110
AC Analytical & Consulting LLC,Puposky,Minnesota,TNI01127
"ACCU LABS, LLC",Independence,Oregon,TNI02461
"ACCURATE ANALYTICAL TESTING, LLC",ROMULUS,Michigan,TNI02515
Accurate Environmental Labs - OKC,Stillwater,Oklahoma,TNI02407
Accurate Environmental Labs - Stillwater,Stillwater,Oklahoma,TNI01938
Accurate Environmental Labs - Tulsa,Stillwater,Oklahoma,TNI02539
ACCUSTAR LABS,HARRISBURG,Pennsylvania,TNI02980
ACCUSTAR LABS,WARD HILL,Massachusetts,TNI01776
"Ackuritlabs, Inc.",Tallahassee,Florida,TNI00248
"ACZ Laboratories, Inc.",Steamboat Springs,Colorado,TNI01951
ADIRONDACK ENVIRONMENTAL SERVICES INC,ALBANY,New York,TNI01595
"Advanced Analysis, Inc.",Lubbock,Texas,TNI00175
"Advanced Analytical Laboratories, LLC",Whitehouse,Texas,TNI00143
ADVANCED ANALYTICAL TECHNOLOGIES,PEARL RIVER,New York,TNI01758
"Advanced Environmental Laboratories, Inc.",Jacksonville,Florida,TNI00252
"Advanced Environmental Laboratories, Inc. - Fort Myers",Fort Myers,Florida,TNI00552
"Advanced Environmental Laboratories, Inc. - Gainesville",Gainesville,Florida,TNI00253
"Advanced Environmental Laboratories, Inc. - Lake Placid",Lake Placid,Florida,TNI02827
"Advanced Environmental Laboratories, Inc. - Lake Placid",Lake Placid,Florida,TNI02829
"Advanced Environmental Laboratories, Inc. - Lake Placid",Lake Placid,Florida,TNI02831
"Advanced Environmental Laboratories, Inc. - Lake Placid",Lake Placid,Florida,TNI02834
"Advanced Environmental Laboratories, Inc. - Lake Placid",Lake Placid,Florida,TNI02838
"Advanced Environmental Laboratories, Inc. - Lake Placid",Lake Placid,Florida,TNI02842
"Advanced Environmental Laboratories, Inc. - Lake Placid",Lake Placid,Florida,TNI02846
"Advanced Environmental Laboratories, Inc. - Lake Placid",Lake Placid,Florida,TNI02849
"Advanced Environmental Laboratories, Inc. - Lake Placid",Lake Placid,Florida,TNI02853
"Advanced Environmental Laboratories, Inc. - Lake Placid",Lake Placid,Florida,TNI02856
"Advanced Environmental Laboratories, Inc. - Lake Placid",Lake Placid,Florida,TNI02859
"Advanced Environmental Laboratories, Inc. - Lake Placid",Lake Placid,Florida,TNI02863
"Advanced Environmental Laboratories, Inc. - Lake Placid",Lake Placid,Florida,TNI02867
"Advanced Environmental Laboratories, Inc. - Lake Placid",Lake Placid,Florida,TNI02873
"Advanced Environmental Laboratories, Inc. - Lake Placid",Lake Placid,Florida,TNI02878
"Advanced Environmental Laboratories, Inc. - Lake Placid",Lake Placid,Florida,TNI02882
"Advanced Environmental Laboratories, Inc. - Lake Placid",Lake Placid,Florida,TNI02885
"Advanced Environmental Laboratories, Inc. - Lake Placid",Lake Placid,Florida,TNI02893
"Advanced Environmental Laboratories, Inc. - Lake Placid",Lake Placid,Florida,TNI02898
"Advanced Environmental Laboratories, Inc. - Lake Placid",Lake Placid,Florida,TNI02904
"Advanced Environmental Laboratories, Inc. - Lake Placid",Lake Placid,Florida,TNI02908
"Advanced Environmental Laboratories, Inc. - Lake Placid",Lake Placid,Florida,TNI02912
"Advanced Environmental Laboratories, Inc. - Lake Placid",Lake Placid,Florida,TNI02916
"Advanced Environmental Laboratories, Inc. - Lake Placid",Lake Placid,Florida,TNI02921
"Advanced Environmental Laboratories, Inc. - Lake Placid",Lake Placid,Florida,TNI02927
"Advanced Environmental Laboratories, Inc. - Lake Placid",Lake Placid,Florida,TNI02933
"Advanced Environmental Laboratories, Inc. - Lake Placid",Lake Placid,Florida,TNI02938
"Advanced Environmental Laboratories, Inc. - Lake Placid",Lake Placid,Florida,TNI02944
"Advanced Environmental Laboratories, Inc. - Lake Placid",Lake Placid,Florida,TNI02949
"Advanced Environmental Laboratories, Inc. - Lake Placid",Lake Placid,Florida,TNI02955
"Advanced Environmental Laboratories, Inc. - Lake Placid",Lake Placid,Florida,TNI02961
"Advanced Environmental Laboratories, Inc. - Lake Placid",Lake Placid,Florida,TNI02964
"Advanced Environmental Laboratories, Inc. - Lake Placid",Lake Placid,Florida,TNI02975
"Advanced Environmental Laboratories, Inc. - Lake Placid",Lake Placid,Florida,TNI02985
"Advanced Environmental Laboratories, Inc. - Lake Placid",Lake Placid,Florida,TNI02992
"Advanced Environmental Laboratories, Inc. - Lake Placid",Lake Placid,Florida,TNI02999
"Advanced Environmental Laboratories, Inc. - Lake Placid",Lake Placid,Florida,TNI03008
"Advanced Environmental Laboratories, Inc. - Lake Placid",Lake Placid,Florida,TNI03018
"Advanced Environmental Laboratories, Inc. - Lake Placid",Lake Placid,Florida,TNI03029
"Advanced Environmental Laboratories, Inc. - Lake Placid",Lake Placid,Florida,TNI03037
"Advanced Environmental Laboratories, Inc. - Lake Placid",Lake Placid,Florida,TNI03044
"Advanced Environmental Laboratories, Inc. - Lake Placid",Lake Placid,Florida,TNI03051
"Advanced Environmental Laboratories, Inc. - Lake Placid",Lake Placid,Florida,TNI03059
"Advanced Environmental Laboratories, Inc. - Lake Placid",Lake Placid,Florida,TNI03069
"Advanced Environmental Laboratories, Inc. - Lake Placid",Lake Placid,Florida,TNI03077
"Advanced Environmental Laboratories, Inc. - Lake Placid",Lake Placid,Florida,TNI03089
"Advanced Environmental Laboratories, Inc. - Lake Placid",Lake Placid,Florida,TNI03097
"Advanced Environmental Laboratories, Inc. - Lake Placid",Lake Placid,Florida,TNI03106
"Advanced Environmental Laboratories, Inc. - Lake Placid",Lake Placid,Florida,TNI03114
"Advanced Environmental Laboratories, Inc. - Lake Placid",Lake Placid,Florida,TNI03122
"Advanced Environmental Laboratories, Inc. - Miami",Miramar,Florida,TNI00254
"Advanced Environmental Laboratories, Inc. - Orlando",Altamonte Springs,Florida,TNI00255
"Advanced Environmental Laboratories, Inc. - Tallahassee",Tallahassee,Florida,TNI02195
"Advanced Environmental Laboratories, Inc. - Tampa",Tampa,Florida,TNI00256
Advanced Technology Laboratories,Signal Hill,California,TNI01202
AG Environmental RSC LLC (DBA Sullivan County Labs),Ferndale,New York,TNI02607
AG ENVIRONMENTAL RSC LLC DBA SULLIVAN COUNTY LABS,FERNDALE,New York,TNI02520
AGAT LABORATORIES - CALGARY - 2420,Calgary,Alberta,TNI03017
AGAT LABORATORIES - CALGARY - 2420,Calgary,Alberta,TNI03028
AGAT LABORATORIES - CALGARY - 2420,Calgary,Alberta,TNI03036
AGAT LABORATORIES - CALGARY - 2420,Calgary,Alberta,TNI03043
AGAT LABORATORIES - CALGARY - 2420,Calgary,Alberta,TNI03050
AGAT LABORATORIES - CALGARY - 2420,Calgary,Alberta,TNI03058
AGAT LABORATORIES - CALGARY - 2420,Calgary,Alberta,TNI03068
AGAT LABORATORIES - CALGARY - 2420,Calgary,Alberta,TNI03076
AGAT LABORATORIES - CALGARY - 2420,Calgary,Alberta,TNI03088
AGAT LABORATORIES - CALGARY - 2420,Calgary,Alberta,TNI03096
AGAT LABORATORIES - CALGARY - 2420,Calgary,Alberta,TNI03105
AGAT LABORATORIES - CALGARY - 2420,Calgary,Alberta,TNI03113
AGAT LABORATORIES - CALGARY - 2420,Calgary,Alberta,TNI03121
AGAT LABORATORIES INC,ST-LAURENT,Not Applicable,TNI02519
AGQ USA,Oxnard,California,TNI02648
AIR CHEK,MILLS RIVER,North Carolina,TNI01701
"Air Hygiene International, Inc.",Broken Arrow,Oklahoma,TNI02280
Air Technology Laboratories Inc,City of Industry,California,TNI00258
AIRNOVA INC,PENNSAUKEN,New Jersey,TNI01274
AKRON (V) SEWAGE PLANT,AKRON,New York,TNI01589
Alabama Power Company General Testing Laboratory,Calera,Alabama,TNI02392
"Alamo Analytical Laboratories, Ltd.",San Antonio,Texas,TNI00144
"Alamo Analytical Laboratories, Ltd. - El Paso",El Paso,Texas,TNI02256
ALBANY COUNTY WATER PURIFICATION DISTRICT,MENANDS,New York,TNI01453
ALBANY WATER QUALITY LAB,SELKIRK,New York,TNI01433
Albert Lea Wastewater Treatment Plant,Albert Lea,Minnesota,TNI01098
ALBION (V) WATER PLANT,WATERPORT,New York,TNI01698
Albion Environmental,Bryan,Texas,TNI00050
"Alexin Analytical Laboratories, Inc.",Tigard,Oregon,TNI00196
ALLAB INC,BROOKLYN,New York,TNI02836
ALLEGANY COUNTY COMMUNITY ENVIRONMENTAL LABORATORY,BELMONT,New York,TNI02587
Alliance Source Testing LLC - Mobile Unit,Decatur,Alabama,TNI02595
Alliance Technical Group,Decatur,Alabama,TNI02400
Alliance Technical Group,Tigard,Oregon,TNI00203
"Alliance Technical Group - Carrollton, Texas",Carrollton,Texas,TNI00167
Alliance Technical Group - Greenville,Greenville,South Carolina,TNI00551
"ALLIANCE TECHNICAL GROUP, LLC",WILMINGTON,North Carolina,TNI01322
"ALLIANCE TECHNICAL GROUP, LLC - NEWARK",MOUNTAINSIDE,New Jersey,TNI01285
"Alliance Technical Group, LLC - Seattle",Seattle,Washington,TNI02227
"Alliance Technical Group, LLC DBA Interpoll Laboratories",Circle Pines,Minnesota,TNI01088
"Alliance Technical Group, LLC-Akron",Cuyahoga Falls,Ohio,TNI00583
"Alpha Analytical, Inc.",Sparks,Nevada,TNI00197
ALPHA LABS LLC,LONG ISLAND CITY,New York,TNI01800
ALS Environmental,Cincinnati,Ohio,TNI01683
ALS Environmental,Holland,Michigan,TNI02019
ALS Environmental - Irvine,Irvine,California,TNI02924
ALS Environmental - Irvine,Irvine,California,TNI02930
ALS Environmental - Jacksonville,Jacksonville,Florida,TNI00369
ALS Environmental - Middletown,Middletown,Pennsylvania,TNI02116
ALS ENVIRONMENTAL - NEWTOWN,NEWTOWN,Connecticut,TNI01756
ALS ENVIRONMENTAL - QUEENS,RICHMOND HILL,New York,TNI02476
ALS ENVIRONMENTAL - ROCHESTER,ROCHESTER,New York,TNI01454
ALS Environmental - Simi Valley,Simi Valley,California,TNI01213
ALS ENVIRONMENTAL - STRATFORD,STRATFORD,Connecticut,TNI01615
ALS ENVIRONMENTAL - TOMS RIVER,TOMS RIVER,New Jersey,TNI03009
ALS Environmental - Valparaiso,Valparaiso,Indiana,TNI02447
ALS Environmental Burlington - CANADA,Burlington,Ontario,TNI01293
ALS Environmental Holland MI,Holland,Michigan,TNI02268
"ALS Environmental, Kelso",Kelso,Washington,TNI00372
"ALS Laboratory Group, Environmental Services Division (Houston, Texas)",Houston,Texas,TNI00037
"Alternative Technologies, Inc.",Burnsville,Minnesota,TNI02155
AMA ANALYTICAL SERVICES INC,LANHAM,Maryland,TNI01623
"AMBIENT GROUP, INC.",NEW YORK,New York,TNI01616
"AMERICA SCIENCE TEAM NEW YORK, INC",NEW YORK,New York,TNI01708
AMERICAN ANALYTICAL LABORATORIES LLC.,FARMINGDALE,New York,TNI01695
American Analytics Inc.,Chatsworth,California,TNI02232
American Bottoms Regional Wastewater Treatment Facility,Sauget,Illinois,TNI02020
American Electric Power Dolan Chemical Laboratory,Groveport,Ohio,TNI02223
American Radiation Services (ARS),Port Allen,Louisiana,TNI00266
"American Testing Technologies, Inc.",Akron,Ohio,TNI02164
American Water Central Laboratory,Belleville,Illinois,TNI02194
American West Analytical Laboratories,Salt Lake City,Utah,TNI01955
AMERISCI RICHMOND,MIDLOTHIAN,Virginia,TNI01636
AMHERST (T) WPCF,AMHERST,New York,TNI01426
AMSTERDAM WATER TREATMENT,AMSTERDAM,New York,TNI01604
"Analytical Environmental Laboratory, LLC",Tyler,Texas,TNI00068
"Analytical Food Laboratories, Inc.",Grand Prairie,Texas,TNI00182
"Analytical Laboratories, Inc.",Boise,Idaho,TNI02545
Analytical Laboratory Group,Eugene,Oregon,TNI00198
"Analytical Resources, LLC",Tukwila,Washington,TNI00199
Analytical Services Corporation,Niceville,Florida,TNI00270
"Analytical Services, Inc.",Williston,Vermont,TNI00273
"Anatek Labs, Inc.",Moscow,Idaho,TNI00274
"Anatek Labs, Inc. - Spokane",Spokane,Washington,TNI02364
"Anatek Labs, Inc. - Yakima",Yakima,Washington,TNI02783
"Anatek Labs, Inc. - Yakima",Yakima,Washington,TNI02858
"Anatek Labs, Inc. - Yakima",Yakima,Washington,TNI02861
"Anatek Labs, Inc. - Yakima",Yakima,Washington,TNI02865
"Anatek Labs, Inc. - Yakima",Yakima,Washington,TNI02871
"Anatek Labs, Inc. - Yakima",Yakima,Washington,TNI02876
"Anatek Labs, Inc. - Yakima",Yakima,Washington,TNI02880
"Anatek Labs, Inc. - Yakima",Yakima,Washington,TNI02884
"Anatek Labs, Inc. - Yakima",Yakima,Washington,TNI02892
"Anatek Labs, Inc. - Yakima",Yakima,Washington,TNI02897
"Anatek Labs, Inc. - Yakima",Yakima,Washington,TNI02903
"Anatek Labs, Inc. - Yakima",Yakima,Washington,TNI02907
"Anatek Labs, Inc. - Yakima",Yakima,Washington,TNI02911
"Anatek Labs, Inc. - Yakima",Yakima,Washington,TNI02915
"Anatek Labs, Inc. - Yakima",Yakima,Washington,TNI02920
"Anatek Labs, Inc. - Yakima",Yakima,Washington,TNI02926
"Anatek Labs, Inc. - Yakima",Yakima,Washington,TNI02932
"Anatek Labs, Inc. - Yakima",Yakima,Washington,TNI02937
"Anatek Labs, Inc. - Yakima",Yakima,Washington,TNI02943
"Anatek Labs, Inc. - Yakima",Yakima,Washington,TNI02948
"Anatek Labs, Inc. - Yakima",Yakima,Washington,TNI02954
"Anatek Labs, Inc. - Yakima",Yakima,Washington,TNI02960
"Anatek Labs, Inc. - Yakima",Yakima,Washington,TNI02965
"Anatek Labs, Inc. - Yakima",Yakima,Washington,TNI02974
"Anatek Labs, Inc. - Yakima",Yakima,Washington,TNI02984
"Anatek Labs, Inc. - Yakima",Yakima,Washington,TNI02991
"Anatek Labs, Inc. - Yakima",Yakima,Washington,TNI02998
"Anatek Labs, Inc. - Yakima",Yakima,Washington,TNI03005
"Anatek Labs, Inc. - Yakima",Yakima,Washington,TNI03014
"Anatek Labs, Inc. - Yakima",Yakima,Washington,TNI03025
"Anatek Labs, Inc. - Yakima",Yakima,Washington,TNI03033
"Anatek Labs, Inc. - Yakima",Yakima,Washington,TNI03041
"Anatek Labs, Inc. - Yakima",Yakima,Washington,TNI03048
"Anatek Labs, Inc. - Yakima",Yakima,Washington,TNI03056
"Anatek Labs, Inc. - Yakima",Yakima,Washington,TNI03066
"Anatek Labs, Inc. - Yakima",Yakima,Washington,TNI03073
"Anatek Labs, Inc. - Yakima",Yakima,Washington,TNI03085
"Anatek Labs, Inc. - Yakima",Yakima,Washington,TNI03093
"Anatek Labs, Inc. - Yakima",Yakima,Washington,TNI03102
"Anatek Labs, Inc. - Yakima",Yakima,Washington,TNI03110
"Anatek Labs, Inc. - Yakima",Yakima,Washington,TNI03118
Angelina and Neches River Authority Environmental Laboratory,Lufkin,Texas,TNI00077
"Apex Laboratories, LLC",Tigard,Oregon,TNI02169
"AQUA CHECK LABORATORIES, INC",STONE RIDGE,New York,TNI01723
"Aqua Pure Water & Sewage Service, LLC",Ocala,Florida,TNI00275
Aqua Water Supply Corporation,Bastrop,Texas,TNI00092
"Aqua-Tech Laboratories, Inc.",Bryan,Texas,TNI00148
AQUATEC ENVIRONMENTAL INC,WILLISTON,Vermont,TNI01026
AQUATEK LABS,WOODBRIDGE,Connecticut,TNI02815
"Aquatic Laboratories, LLC",Lexington,Kentucky,TNI02424
"AQUATOX RESEARCH, INC.",SYRACUSE,New York,TNI02979
"ARDL, Inc.",Mt. Vernon,Illinois,TNI02022
"Arkansas Analytical, Inc.",Little Rock,Arkansas,TNI00174
Arkansas City Municipal Wastewater Laboratory,Arkansas City,Kansas,TNI01882
"Armstrong Forensic Laboratory, Inc.",Arlington,Texas,TNI00041
Ascend Performance Materials LLC,Cantonment,Florida,TNI00276
Ashley Valley WTP Laboratory,Vernal,Utah,TNI01958
ASSET Laboratories,Las Vegas,Nevada,TNI01203
ATC GROUP SERVICES LLC,NEW YORK,New York,TNI01618
ATLAS ENVIRONMENTAL LABS CORP,NEW YORK,New York,TNI02323
"Atmospheric Analysis and Consulting, Inc.",Ventura,California,TNI00277
AUBURN WATER TREATMENT PLANT,AUBURN,New York,TNI01499
AUBURN WPCP (LAB),AUBURN,New York,TNI01498
"Avery Laboratories & Environmental Services, LLC",Savannah,Georgia,TNI00278
"AWWS, Inc. (Analytical Water & Wastewater Services)",Hallsville,Texas,TNI00083
"B & B Consultants, Inc.",Chase City,Virginia,TNI01256
"B.A.T. Laboratories, LLC",Amarillo,Texas,TNI00125
B3 Labs,Spring,Texas,TNI02711
"Babcock Laboratories, Inc.",Riverside,California,TNI01218
BATAVIA (C) WATER TREATMENT PLANT,BATAVIA,New York,TNI01526
BATAVIA WASTEWATER TREATMENT FACILITY,BATAVIA,New York,TNI01525
"BATTA LABORATORIES, LLC.",NEWARK,Delaware,TNI02320
Battelle Analytical Chemistry Services Laboratory,Norwell,Massachusetts,TNI00280
Bay County Laboratory Services,Panama City,Florida,TNI00281
"BCS Laboratories, Inc. - Gainesville",Gainesville,Florida,TNI00282
"Beacon Environmental Services, Inc.",Bel Air,Maryland,TNI02428
Bear River District Health Department Water Laboratory,Logan,Utah,TNI01961
Beckton Environmental Laboratories,Ponce,Puerto Rico,TNI00284
BELGRAVE WATER POL CNTRL DIST,LITTLE NECK,New York,TNI01430
Benchmark EA South,North Port,Florida,TNI00285
"Benchmark EnviroAnalytical, Inc.",Palmetto,Florida,TNI00286
Benchmark Mid Florida Laboratory,Winter Haven,Florida,TNI00500
BINGHAMTON WATER TREATMENT PLANT,BINGHAMTON,New York,TNI01597
BINGHAMTON-JOHNSON (C) STP,VESTAL,New York,TNI01563
"Bio Chem Lab, Inc.",West,Texas,TNI00061
Bio-Analytical Laboratories,Doyline,Louisiana,TNI01379
Biological Monitoring Incorporated,Blacksburg,Virginia,TNI01243
BIOTRAX TESTING LABORATORY,CHEEKTOWAGA,New York,TNI01744
Blue Ridge Analytical LLC,Wytheville,Virginia,TNI02567
"Blue Triton Brands, Inc.",Breinigsville,Pennsylvania,TNI02139
BlueTriton Brands Dallas QA Lab,Dallas,Texas,TNI00156
BlueTriton Brands Dallas QA Lab,Dallas,Texas,TNI02756
BlueTriton Brands Dallas QA Lab,Dallas,Texas,TNI02761
BlueTriton Brands Dallas QA Lab,Dallas,Texas,TNI02763
BlueTriton Brands Dallas QA Lab,Dallas,Texas,TNI02764
BlueTriton Brands Dallas QA Lab,Dallas,Texas,TNI02765
BLUETRITON BRANDS NATIONAL QUALITY LABORATORY,LOS ANGELES,California,TNI02786
BlueTriton Brands Pasadena QA Lab,Pasadena,Texas,TNI02681
BLUETRITON BRANDS SARATOGA SPRINGS QA LAB,SARATOGA SPRINGS,New York,TNI01790
bmh environmental lab llc dba Utility Testing Laboratory,Salt Lake City,Utah,TNI02011
Bonner Analytical Testing Co,Hattiesburg,Mississippi,TNI02178
"Box R Water Analysis Laboratory, L.L.C.",Prineville,Oregon,TNI00200
Brazoria County Health Department Water Laboratory,Angleton,Texas,TNI00111
Brazos River Authority Environmental Services Laboratory,Waco,Texas,TNI00067
Brevard County Utility Services Laboratory,Viera,Florida,TNI00287
Brigham City Laboratory,Brigham City,Utah,TNI01962
Brighton Analytical LLC,Brighton,Michigan,TNI02024
"Britebox Labs, Inc",Bend,Oregon,TNI02464
"Brooks Applied Labs, LLC",Seattle,Washington,TNI00288
Brothers Laboratory Services,Maryland Heights,Missouri,TNI03071
Brothers Laboratory Services,Maryland Heights,Missouri,TNI03083
Brothers Laboratory Services,Maryland Heights,Missouri,TNI03091
Brothers Laboratory Services,Maryland Heights,Missouri,TNI03100
Brothers Laboratory Services,Maryland Heights,Missouri,TNI03108
Brothers Laboratory Services,Maryland Heights,Missouri,TNI03116
Broward County Environmental Monitoring Laboratory,Davie,Florida,TNI00289
Broward County Water and Wastewater Services Laboratory,Pompano Beach,Florida,TNI00290
Brownsville Public Utilities Board Analytical Laboratory,Brownsville,Texas,TNI00135
BSK Associates,Fresno,California,TNI02245
BSK Associates ?Vancouver,Vancouver,Washington,TNI00194
BSK-San Bernardino,San Bernardino,California,TNI02468
BUFFALO SEWER AUTHORITY,BUFFALO,New York,TNI01449
BUFFALO WATER AUTHORITY FILTRATION PLANT LABORATORY,BUFFALO,New York,TNI01543
Bureau of Agricultural Environmental Laboratories (BAEL),Tallahassee,Florida,TNI00293
Bureau Veritas Canada Inc,Mississauga,Ontario,TNI01292
"BUREAU VERITAS NORTH AMERICA, INC.",KENNESAW,Georgia,TNI01741
"Bureau Veritas North America, Inc.",Lake Zurich,Alabama,TNI02888
"Bureau Veritas North America, Inc.",Lake Zurich,Illinois,TNI02889
"Bureau Veritas North America, Inc.",Lake Zurich,Illinois,TNI02890
"Bureau Veritas North America, Inc.",Novi,Michigan,TNI00294
BWXT Lynchburg Technology Center,Lynchburg,Virginia,TNI01267
CALTEST ANALYTICAL LABORATORY,NAPA,California,TNI01211
Camp Rilea Laboratory,Warrenton,Oregon,TNI02228
CAMPFIELD RESERVOIR  FILTER PLANT,PEEKSKILL,New York,TNI01593
CANANDAIGUA WASTEWATER TREATMENT FACILITY,CANANDAIGUA,New York,TNI01586
CANANDAIGUA WATER TREATMENT PLANT,CANANDAIGUA,New York,TNI01622
CANISTEO WASTEWATER PLANT LAB,CANISTEO,New York,TNI01432
CANOBIE LAKE WATER TREATMENT PLANT LABORATORY,SALEM,New Hampshire,TNI01028
"Cape Fear Analytical, LLC",Wilmington,North Carolina,TNI01963
CAPITAL REGION ENVIRONMENTAL LABORATORY,RENSSELAER,New York,TNI01520
Capzer Pharmaceuticals,Lake Worth,Florida,TNI02210
Carbondale Central Laboratory,Carbondale,Illinois,TNI02547
Cardinal Laboratories,Hobbs,New Mexico,TNI00162
CATTARAUGUS COUNTY LABORATORY,OLEAN,New York,TNI01445
CCNY ENVIRONMENTAL LAB,NEW YORK,New York,TNI01739
CCWT - SOMAS NORTH,STONY BROOK,New York,TNI02517
CCWT - SOMAS SOUTH,SOUTHHAMPTON,New York,TNI02582
CCWT ENGINEERING,STONY BROOK,New York,TNI02518
Cedar City Regional Water Treatment Facility Laboratory,Cedar City,Utah,TNI01964
Center for Aquatic Chemistry and Environment - Nutrient Analysis Core Facility (CAChE-NACF),Miami,Florida,TNI00569
Central Davis Sewer District,Kaysville,Utah,TNI01965
Central Florida Tourism Oversight District Environmental Sciences,Lake Buena Vista,Florida,TNI00545
Central Florida Water Testing LLC DBA Plant Technicians,Leesburg,Florida,TNI00539
Central Utah Public Health Laboratory,Richfield,Utah,TNI01966
Central Valley Water Reclamation Facility,South Salt Lake,Utah,TNI01967
Central Water Testing Laboratory,Brainerd,Minnesota,TNI01118
Central Weber SID Laboratory,Ogden,Utah,TNI01968
"Ceres Analytical Laboratory, Inc.",El Dorado Hills,California,TNI02279
CERTIFIED ENVIRONMENTAL SERVICES INC,NORTH SYRACUSE,New York,TNI01669
CERTIFIED LABORATORIES LLC,MELVILLE,New York,TNI01515
Certified Labs of Florida,Melrose,Florida,TNI00296
CETCON Inc,Tulsa,Oklahoma,TNI02484
CHAMPLAIN WATER DISTRICT,SOUTH BURLINGTON,Vermont,TNI01839
Charlotte County Utilities - East Port Laboratory,Port Charlotte,Florida,TNI00297
CHARLOTTE WATER,CHARLOTTE,North Carolina,TNI02249
CHAUTAUQUA COUNTY HEALTH,MAYVILLE,New York,TNI01537
ChemHistory,Milwaukie,Oregon,TNI02450
"Chemtech-Ford, Inc.",Sandy,Utah,TNI01969
CHEMTEX,Sulphur,Louisiana,TNI01199
CHEMTEX - Corpus Christi,Corpus Christi,Texas,TNI02560
CHEMUNG CO ELMIRA SD,ELMIRA,New York,TNI01650
Chevron Salt Lake Refinery Environmental Laboratory,North Salt Lake,Utah,TNI01970
City of Abilene Environmental Laboratory,Abilene,Texas,TNI00102
City of Altamonte Springs Environmental Laboratory,Altamonte Springs,Florida,TNI00300
City of Amarillo Environmental Laboratory,Amarillo,Texas,TNI00150
City of Arlington Water Utilities Laboratory Services,Arlington,Texas,TNI00093
"City of Atlanta, Department of Watershed Management, Wastewater Laboratory",Atlanta,Georgia,TNI00302
City of Austin Water Utility Laboratory Services Division,Austin,Texas,TNI00081
City of Beaumont Water Production Laboratory,Beaumont,Texas,TNI00120
City of Bend Water Quality Laboratory,Bend,Oregon,TNI00204
City of Boca Raton Quality Control Laboratory,Boca Raton,Florida,TNI00303
City of Borger Water Plant Laboratory,Borger,Texas,TNI00090
City of Boynton Beach Utilities Department,Boynton Beach,Florida,TNI00304
City of Cape Canaveral Water Reclamation Plant,Cape Canaveral,Florida,TNI00306
City of Cape Coral ERD Laboratory,Cape Coral,Florida,TNI00307
"City of Chicago, Water Purification Laboratories",Chicago,Illinois,TNI02026
City of Clearwater Public Utilities Laboratory,Clearwater,Florida,TNI00308
City of Cocoa Beach Water Reclamation Laboratory,Cocoa Beach,Florida,TNI00309
City of Corpus Christi Water Utilities Laboratory,Corpus Christi,Texas,TNI00159
City of Corvallis Water Quality Laboratory,Corvallis,Oregon,TNI00206
City of Dallas Water Utilities Bachman Water Treatment Plant Laboratory,Dallas,Texas,TNI00088
City of Dallas Water Utilities Eastside Drinking Water Laboratory,Sunnyvale,Texas,TNI00087
City of Dallas Water Utilities Elm Fork Plant Laboratory,Carrolton,Texas,TNI00086
City of Daytona Beach Regulatory Compliance Laboratory,Daytona Beach,Florida,TNI00310
City of Deer Park Surface Water Treatment Plant Laboratory,Deer Park,Texas,TNI00134
City of Deerfield Beach Water Treatment Plant,Deerfield Beach,Florida,TNI00311
City of DeLand Environmental Services Laboratory,DeLand,Florida,TNI00312
City of Delray Beach Environmental Services Laboratory,Delray Beach,Florida,TNI00313
City of Denison Laboratory,Denison,Texas,TNI00058
City of Denton Municipal Laboratory,Denton,Texas,TNI00155
City of Duluth,Duluth,Minnesota,TNI01081
City of Eden Prairie Utilities Laboratory,Eden Prairie,Minnesota,TNI01135
City of Edgewater - Alan R. Thomas Water Treatment Plant,Edgewater,Florida,TNI00314
City of Edgewater Environmental Services Laboratory,Edgewater,Florida,TNI00315
City of El Paso Department of Public Health,El Paso,Texas,TNI00096
City of Eustis Wastewater Treatment Plant,Eustis,Florida,TNI00317
City of Fort Lauderdale Environmental Laboratory,Ft. Lauderdale,Florida,TNI00318
City of Garland Water Utility Laboratory,Garland,Texas,TNI00151
City of Graceville Wastewater Treatment Plant Laboratory,Graceville,Florida,TNI00322
City of Gresham WWTP Laboratory,Portland,Oregon,TNI02171
City of Harlingen Waterworks System,Harlingen,Texas,TNI00101
City of Holly Hill Water & Wastewater Treatment Plant Laboratory,Holly Hill,Florida,TNI00323
City of Hollywood Utilities Laboratory,Hollywood,Florida,TNI00324
City of Houston - Drinking Water Regulatory Compliance Laboratory,Houston,Texas,TNI00066
"City of Houston Health Department, Bureau of Laboratory Services",Houston,Texas,TNI00046
"City of Houston, Wastewater Operations Laboratory",Houston,Texas,TNI02257
City of Huntsville Parker Creek Laboratory,Huntsville,Texas,TNI00099
CITY OF ITHACA WATER TREATMENT PLANT LABORATORY,ITHACA,New York,TNI01789
"City of Jacksonville, EQD Lab",Jacksonville,Florida,TNI00396
City of Kerrville Laboratory,Kerrville,Texas,TNI00095
City of Key West WWTP Laboratory,Key West,Florida,TNI00325
City of Lake Worth Beach Water Treatment Plant Laboratory,Lake Worth,Florida,TNI00326
City of Lakeland -Thomas B. Williams Water Treatment Plant,Lakeland,Florida,TNI00328
City of Lakeland Wastewater Treatment Plant - Glendale,Lakeland,Florida,TNI00329
City of Laredo Public Health Department Laboratory,Laredo,Texas,TNI00145
City of Largo Wastewater Treatment Plant,Clearwater,Florida,TNI00330
City of Lewisville Environmental Control Services Laboratory,Lewisville,Texas,TNI00129
City of Lubbock Water Treatment Plant Laboratory,Lubbock,Texas,TNI00153
City of Margate Utilities,Margate,Florida,TNI00332
City of McAllen Central Laboratory,McAllen,Texas,TNI00133
City of Melbourne Wastewater Treatment Compliance Monitoring Laboratory,Melbourne,Florida,TNI00333
City of Melbourne Water Treatment Plant Laboratory,Melbourne,Florida,TNI00334
City of Midland Utilities Laboratory,Midland,Texas,TNI02185
City of Naples Central Laboratory,Naples,Florida,TNI00336
City of New Port Richey Wastewater Treatment Plant,New Port Richey,Florida,TNI00337
City of North Miami Beach Quality Control Laboratory,Miami,Florida,TNI00338
City of North Miami Water Treatment Plant,North Miami,Florida,TNI00339
City of Ocala Water Quality Laboratory,Ocala,Florida,TNI00340
City of Odessa Laboratory Services,Odessa,Texas,TNI00141
"City of Orlando, Environmental Laboratory Services",Oviedo,Florida,TNI00342
City of Ormond Beach WRF Laboratory,Ormond Beach,Florida,TNI02832
City of Ormond Beach WRF Laboratory,Ormond Beach,Florida,TNI02835
City of Ormond Beach WRF Laboratory,Ormond Beach,Florida,TNI02839
City of Ormond Beach WRF Laboratory,Ormond Beach,Florida,TNI02843
City of Ormond Beach WRF Laboratory,Ormond Beach,Florida,TNI02847
City of Ormond Beach WRF Laboratory,Ormond Beach,Florida,TNI02850
City of Ormond Beach WRF Laboratory,Ormond Beach,Florida,TNI02854
City of Ormond Beach WRF Laboratory,Ormond Beach,Florida,TNI02857
City of Ormond Beach WRF Laboratory,Ormond Beach,Florida,TNI02860
City of Ormond Beach WRF Laboratory,Ormond Beach,Florida,TNI02864
City of Ormond Beach WRF Laboratory,Ormond Beach,Florida,TNI02868
City of Ormond Beach WRF Laboratory,Ormond Beach,Florida,TNI02874
City of Ormond Beach WRF Laboratory,Ormond Beach,Florida,TNI02879
City of Ormond Beach WRF Laboratory,Ormond Beach,Florida,TNI02883
City of Ormond Beach WRF Laboratory,Ormond Beach,Florida,TNI02887
City of Ormond Beach WRF Laboratory,Ormond Beach,Florida,TNI02895
City of Ormond Beach WRF Laboratory,Ormond Beach,Florida,TNI02900
City of Ormond Beach WRF Laboratory,Ormond Beach,Florida,TNI02906
City of Ormond Beach WRF Laboratory,Ormond Beach,Florida,TNI02910
City of Ormond Beach WRF Laboratory,Ormond Beach,Florida,TNI02914
City of Ormond Beach WRF Laboratory,Ormond Beach,Florida,TNI02918
City of Ormond Beach WRF Laboratory,Ormond Beach,Florida,TNI02923
City of Ormond Beach WRF Laboratory,Ormond Beach,Florida,TNI02929
City of Ormond Beach WRF Laboratory,Ormond Beach,Florida,TNI02935
City of Ormond Beach WRF Laboratory,Ormond Beach,Florida,TNI02940
City of Ormond Beach WRF Laboratory,Ormond Beach,Florida,TNI02946
City of Ormond Beach WRF Laboratory,Ormond Beach,Florida,TNI02951
City of Ormond Beach WRF Laboratory,Ormond Beach,Florida,TNI02957
City of Ormond Beach WRF Laboratory,Ormond Beach,Florida,TNI02963
City of Ormond Beach WRF Laboratory,Ormond Beach,Florida,TNI02966
City of Ormond Beach WRF Laboratory,Ormond Beach,Florida,TNI02977
City of Ormond Beach WRF Laboratory,Ormond Beach,Florida,TNI02987
City of Ormond Beach WRF Laboratory,Ormond Beach,Florida,TNI02994
City of Ormond Beach WRF Laboratory,Ormond Beach,Florida,TNI03001
City of Ormond Beach WRF Laboratory,Ormond Beach,Florida,TNI03007
City of Ormond Beach WRF Laboratory,Ormond Beach,Florida,TNI03016
City of Ormond Beach WRF Laboratory,Ormond Beach,Florida,TNI03027
City of Ormond Beach WRF Laboratory,Ormond Beach,Florida,TNI03035
City of Ormond Beach WRF Laboratory,Ormond Beach,Florida,TNI03042
City of Ormond Beach WRF Laboratory,Ormond Beach,Florida,TNI03049
City of Ormond Beach WRF Laboratory,Ormond Beach,Florida,TNI03057
City of Ormond Beach WRF Laboratory,Ormond Beach,Florida,TNI03067
City of Ormond Beach WRF Laboratory,Ormond Beach,Florida,TNI03075
City of Ormond Beach WRF Laboratory,Ormond Beach,Florida,TNI03087
City of Ormond Beach WRF Laboratory,Ormond Beach,Florida,TNI03095
City of Ormond Beach WRF Laboratory,Ormond Beach,Florida,TNI03104
City of Ormond Beach WRF Laboratory,Ormond Beach,Florida,TNI03112
City of Ormond Beach WRF Laboratory,Ormond Beach,Florida,TNI03120
City of Panama City Area Environmental Laboratory,Panama City,Florida,TNI00345
City of Pharr Water Laboratory,Pharr,Texas,TNI00152
City of Phoenix Water Quality Laboratory,Phoenix,Arizona,TNI00207
City of Phoenix Water Services Laboratory,Phoenix,Arizona,TNI02723
City of Plantation Utilities Department Laboratory,Plantation,Florida,TNI00347
City of Pompano Beach Utilities Laboratory,Pompano Beach,Florida,TNI00348
City of Port Arthur Water Purification Plant Laboratory,Port Arthur,Texas,TNI00121
City of Port Orange Central Lab,Port Orange,Florida,TNI00349
City of Port St. Lucie Utility Systems Department,Port St. Lucie,Florida,TNI00350
City of Portland Water Pollution Control Laboratory,Portland,Oregon,TNI02276
City of Punta Gorda Water Treatment Plant,Punta Gorda,Florida,TNI00351
City of Round Rock Environmental Services Laboratory,Round Rock,Texas,TNI00108
CITY OF RUTLAND WATER LABORATORY,RUTLAND,Vermont,TNI01030
City of San Angelo Water Quality Laboratory,San Angelo,Texas,TNI00114
City of Sarasota Wastewater Treatment Plant Laboratory,Sarasota,Florida,TNI00352
City of Sherman Utilities Laboratory,Sherman,Texas,TNI00072
City of St. Augustine Water Pollution Control Laboratory,St. Augustine,Florida,TNI00353
City of Sunrise Utilities Laboratory,Sunrise,Florida,TNI00354
City of Tallahassee Water Quality Laboratory,Tallahassee,Florida,TNI00355
City of Tampa Water Quality Laboratory,Tampa,Florida,TNI00357
City of Tavares Wastewater Utilities Laboratory,Tavares,Florida,TNI00358
City of Texarkana Water Utilities Laboratory,Texarkana,Texas,TNI00123
City of The Dalles Water Quality Lab,The Dalles,Oregon,TNI00208
City of Titusville - Laboratory Services,Titusville,Florida,TNI00359
City of Waco Regional Water Quality Laboratory,Waco,Texas,TNI00170
City of West Palm Beach East Central Wastewater Plant,West Palm Beach,Florida,TNI00361
City of West Palm Beach Public Utilities Water Laboratory,West Palm Beach,Florida,TNI00362
City of Wichita Falls Cypress Environmental Laboratory,Wichita Falls,Texas,TNI00158
City of Winter Park Central Utilities Laboratory,Winter Park,Florida,TNI00364
City of Woodburn,Woodburn,Oregon,TNI02229
"CITY OF YONKERS, BUREAU OF WATER'S LABORATORY",YONKERS,New York,TNI01463
Clackamas River Water Drinking Water Quality Laboratory,Clackamas,Oregon,TNI00210
Clackamas Water Environment Services-Water Quality Laboratory,Oregon City,Oregon,TNI00209
Clay County Utility Authority Environmental Laboratory,Middleburg,Florida,TNI02953
Clay County Utility Authority Environmental Laboratory,Middleburg,Florida,TNI02959
Clay County Utility Authority Environmental Laboratory,Middleburg,Florida,TNI02967
Clay County Utility Authority Environmental Laboratory,Middleburg,Florida,TNI02973
Clay County Utility Authority Environmental Laboratory,Middleburg,Florida,TNI02983
Clay County Utility Authority Environmental Laboratory,Middleburg,Florida,TNI02990
Clay County Utility Authority Environmental Laboratory,Middleburg,Florida,TNI02997
Clay County Utility Authority Environmental Laboratory,Middleburg,Florida,TNI03004
Clay County Utility Authority Environmental Laboratory,Middleburg,Florida,TNI03013
Clay County Utility Authority Environmental Laboratory,Middleburg,Florida,TNI03024
Clay County Utility Authority Environmental Laboratory,Middleburg,Florida,TNI03032
Clay County Utility Authority Environmental Laboratory,Middleburg,Florida,TNI03040
Clay County Utility Authority Environmental Laboratory,Middleburg,Florida,TNI03047
Clay County Utility Authority Environmental Laboratory,Middleburg,Florida,TNI03055
Clay County Utility Authority Environmental Laboratory,Middleburg,Florida,TNI03065
Clay County Utility Authority Environmental Laboratory,Middleburg,Florida,TNI03072
Clay County Utility Authority Environmental Laboratory,Middleburg,Florida,TNI03084
Clay County Utility Authority Environmental Laboratory,Middleburg,Florida,TNI03092
Clay County Utility Authority Environmental Laboratory,Middleburg,Florida,TNI03101
Clay County Utility Authority Environmental Laboratory,Middleburg,Florida,TNI03109
Clay County Utility Authority Environmental Laboratory,Middleburg,Florida,TNI03117
"Clean Air Engineering, Inc.",Palatine,Illinois,TNI00173
"Clean Harbors Aragonite, LLC",Dugway,Utah,TNI01971
CLEAN HARBORS EAST CORPORATE LABORATORY,BALTIMORE,Maryland,TNI02789
"Clean Harbors Environmental Services, Inc.",Kimball,Nebraska,TNI01972
"Clean Harbors Grassy Mountain, LLC",Clive,Utah,TNI01973
Cloquet Water Laboratory c/o Cloquet City Hall,Duluth,Minnesota,TNI01155
"CNS, LLC Y-12 Analytical Chemistry Organization Laboratory",Oak Ridge,Tennessee,TNI01960
"Coastal Bioanalysts, Inc.",Gloucester,Virginia,TNI01257
Collier County Pollution Control and Prevention Department Laboratory,Naples,Florida,TNI00366
Collier County Regional Water Plant Laboratory,Naples,Florida,TNI00367
Collier County Water Reclamation Laboratory,Naples,Florida,TNI00368
Columbia Laboratories - Portland,Portland,Oregon,TNI02840
Columbia Laboratories Inc.,Portland,Oregon,TNI00227
"COMMUNITY SCIENCE INSTITUTE, INC.",ITHACA,New York,TNI01779
Compass Minerals,Lyons,Kansas,TNI01919
COMPLETE ENVIRONMENTAL TESTING INC,STRATFORD,Connecticut,TNI00373
CON ED CO OF NY - EH&S CHEMLAB,LONG ISLAND CITY,New York,TNI01528
CONCORD WATER TREATMENT PLANT LABORATORY,CONCORD,New Hampshire,TNI01033
CONSOLIDATED LABORATORIES,OSWEGO,New York,TNI01475
Continental Water Laboratory,Sacramento,California,TNI01214
CONVERSE LABORATORIES INC,WATERTOWN,New York,TNI01594
Coos Bay-North Bend Water Board,Coos Bay,Oregon,TNI00212
"Core Laboratories, LP",Deer Park,Texas,TNI02258
Cornwell Engineering Group Laboratory,Newport News,Virginia,TNI01753
Corpus Christi - Nueces County Public Health District Laboratory,Corpus Christi,Texas,TNI00117
"Cove Environmental, LLC.",Stillwater,Oklahoma,TNI02371
"Crisp Analytical Labs, LLC",Carrollton,Texas,TNI02238
"CS Laboratories, Inc.",Tigard,Oregon,TNI02471
"CSRA Analytical Laboratories, Inc.",Augusta,Georgia,TNI00375
CT Laboratories LLC,Baraboo,Wisconsin,TNI02181
Culligan Analytical Laboratory,Rosemont,Illinois,TNI02028
CWM CHEMICAL SERVICES LLC,MODEL CITY,New York,TNI01685
Dallas County Park Cities Municipal Utility District,Dallas,Texas,TNI00166
Dallas Water Utilities - PALS Analytical Laboratory,Dallas,Texas,TNI02368
DARRIN FRESH WATER INSTITUTE,BOLTON LANDING,New York,TNI01596
Davis County Environmental Health Laboratory,Clearfield,Utah,TNI01975
Davy Laboratories,La Crosse,Wisconsin,TNI01089
"DB Environmental Laboratories, Inc.",Rockledge,Florida,TNI00379
"Deibel BioScience of Oregon, LLC",Hood River,Oregon,TNI02463
Delaware State University Water Analysis Group,Dover,Delaware,TNI02697
"Department of Water Supply, County of Maui",Kahului,Hawaii,TNI01216
Derby Municipal Wastewater Laboratory,Derby,Kansas,TNI01888
DERRY WASTEWATER TREATMENT PLANT,DERRY,New Hampshire,TNI01034
Desert Research Institute - Environmental Analysis Facility,Reno,Nevada,TNI00062
"Destin Water Users, Inc.",Destin,Florida,TNI00380
DFW Environmental Laboratories,Carrollton,Texas,TNI02714
DIST WATER QUAL OPS NYCDEP DISTRIBUTION LAB,CORONA,New York,TNI01602
"Diversified Environmental Laboratories, Inc.",Jacksonville,Florida,TNI00381
Division of Consolidated Laboratory Services,Richmond,Virginia,TNI01359
Dodge City Municipal Wastewater Laboratory,Dodge City,Kansas,TNI01889
DOH-EPH Orange Water Testing Laboratory,Orlando,Florida,TNI02901
Don A. Christiansen Regional Water Treatment Plant Laboratory,Orem,Utah,TNI02010
Dr. Roy L. Virgin West Water Treatment Lab,Miramar,Florida,TNI00335
Drinking Water and Radiation Laboratory,Richmond,California,TNI02708
Drinking Water and Radiation Laboratory,Richmond,California,TNI02709
Drinking Water and Radiation Laboratory,Richmond,California,TNI02733
Drinking Water and Radiation Laboratory,Richmond,California,TNI02748
Drinking Water and Radiation Laboratory,Richmond,California,TNI02749
Drinking Water and Radiation Laboratory,Richmond,California,TNI02759
Duchesne Valley Water Treatment Plant Laboratory,Duchesne,Utah,TNI01976
Duke Energy Analytical Laboratory,Huntersville,North Carolina,TNI03053
DUNKIRK WATER TREATMENT PLANT LAB,DUNKIRK,New York,TNI01482
DUNKIRK WWTP LAB,DUNKIRK,New York,TNI01462
DUNN PAPER - NATURAL DAM INC.,GOUVERNEUR,New York,TNI01458
DUREZ CORPORATION - NIAGARA FALLS PLANT,NIAGARA FALLS,New York,TNI01836
"EA Engineering, Science, and Technology - Ecotoxicology Laboratory",Hunt Valley,Maryland,TNI00383
"Earth Analytical Sciences, Inc.",Beaumont,Texas,TNI00078
EAS INC - EASTERN ANALYTICAL SERVICES INC,ELMSFORD,New York,TNI01614
EASI LLC,Kenner,Louisiana,TNI01382
"Eastern Research Group, Inc.",Morrisville,North Carolina,TNI00384
"Eastex Environmental Laboratory, Inc. - Coldspring",Coldspring,Texas,TNI00065
"Eastex Environmental Laboratory, Nacogdoches",Nacogdoches,Texas,TNI00098
"Eastman Chemical Company, Environmental Laboratory, Texas Operations",Longview,Texas,TNI03078
Eberline Analytical Corporation,Oak Ridge,Tennessee,TNI01978
ECOBAT RESOURCES NY QUALITY CONTROL LABORATORY,MIDDLETOWN,New York,TNI02394
Ecolytix Environmental Laboratory,Stuart,Florida,TNI03011
Ecolytix Environmental Laboratory,Stuart,Florida,TNI03023
Ecolytix Environmental Laboratory,Stuart,Florida,TNI03031
Ecolytix Environmental Laboratory,Stuart,Florida,TNI03039
Ecolytix Environmental Laboratory,Stuart,Florida,TNI03046
Ecolytix Environmental Laboratory,Stuart,Florida,TNI03054
Ecolytix Environmental Laboratory,Stuart,Florida,TNI03064
Ecolytix Environmental Laboratory,Stuart,Florida,TNI03070
Ecolytix Environmental Laboratory,Stuart,Florida,TNI03082
Ecolytix Environmental Laboratory,Stuart,Florida,TNI03090
Ecolytix Environmental Laboratory,Stuart,Florida,TNI03098
Ecolytix Environmental Laboratory,Stuart,Florida,TNI03099
Ecolytix Environmental Laboratory,Stuart,Florida,TNI03107
Ecolytix Environmental Laboratory,Stuart,Florida,TNI03115
Ecosystems Research Inst Laboratory,Logan,Utah,TNI02002
"EDEN LABORATORY, INC",SCHENECTADY,New York,TNI02978
Edwards Aquifer Research and Data Center,San Marcos,Texas,TNI00165
El Dorado Wetlands & Water Reclamation Facility,El Dorado,Kansas,TNI01892
"Element Materials Technology Fort Wayne, LLC",Fort Wayne,Indiana,TNI02688
Element Materials Technology Houston LLC,Houston,Texas,TNI00169
Element Materials Technology Lafayette LLC,Lafayette,Louisiana,TNI01402
"Element Materials Technology Lafayette, LLC",Lafayette,Louisiana,TNI02689
Elevation Diagnostics,Aurora,Colorado,TNI02762
ELMA (T) SEWER DISTRICTS-ROLLING GREEN LANE,ELMA,New York,TNI01512
ELMIRA WATER BOARD,ELMIRA,New York,TNI01734
"EMAX Laboratories, Inc.",Torrance,California,TNI01219
Emerald Coast Utilities Authority,Pensacola,Florida,TNI00387
"Emerald Transformer PPM, LLC",Coffeyville,Kansas,TNI01887
Emporia Municipal Wastewater Laboratory,Emporia,Kansas,TNI01894
EMSL ANALYTICAL INC,CINNAMINSON,New Jersey,TNI01273
EMSL ANALYTICAL INC,DEPEW,New York,TNI01732
EMSL ANALYTICAL INC,PISCATAWAY TWP,New Jersey,TNI01282
"EMSL ANALYTICAL, INC",LONG ISLAND CITY,New York,TNI01331
"EMSL ANALYTICAL, INC.",CARLE PLACE,New York,TNI01706
"EMSL Analytical, Inc.",Indianapolis,Indiana,TNI02704
"EMSL ANALYTICAL, INC.",MERIDEN,Connecticut,TNI02516
"EMSL Analytical, Inc.",New Hope,Minnesota,TNI02497
"EMSL ANALYTICAL, INC.",ROCHESTER,New York,TNI02584
"EMSL Analytical, Inc.",St. Louis,Missouri,TNI02793
"EMSL Analytical, Inc. - FL",North Miami Beach,Florida,TNI00389
"EMSL Analytical, Inc. - Houston",Houston,Texas,TNI00154
"EMSL Analytical, Inc. - Indianapolis",Indianapolis,Indiana,TNI02705
"EMSL Analytical, Inc. - Orlando",Orlando,Florida,TNI00390
ENDICOTT WASTEWATER TREATMENT,ENDICOTT,New York,TNI01551
ENDYNE INC (#2037),LEBANON,New Hampshire,TNI01038
ENDYNE INC WILLISTON VT,WILLISTON,Vermont,TNI01671
"ENDYNE, INC",LAKE GEORGE,New York,TNI01831
Energy Laboratories Inc.,Casper,Wyoming,TNI00391
"Energy Laboratories, Inc. - MT",Billings,Montana,TNI00393
"Engel Water Testing, Inc.",Minnetrista,Minnesota,TNI01073
Englewood Water District,Englewood,Florida,TNI00316
"Entech Engineering, Inc.",League City,Texas,TNI00115
Enthalpy Analtytical LLC,Durham,North Carolina,TNI01387
Enthalpy Analytical LLC,Durham,North Carolina,TNI01383
Enthalpy Analytical LLC,Wilmington,North Carolina,TNI02486
ENVIRO TESTING/KEYSTONE MATERIAL TESTING (LLC),BINGHAMTON,New York,TNI01690
"Envirodyne Laboratories, Inc.",Stafford,Texas,TNI00056
Environmental  Sciences And Toxicology Laboratory,New York,New York,TNI01431
Environmental Analytical Service,San Luis Obispo,California,TNI02440
"ENVIRONMENTAL BUILDING SOLUTIONS, LLC",NEW YORK,New York,TNI01820
Environmental Enterprises USA Inc,Slidell,Louisiana,TNI01386
"Environmental Hazards Services, L L C",Richmond,Virginia,TNI01759
ENVIRONMENTAL LABWORKS  INC,MARLBORO,New York,TNI01612
"Environmental Monitoring Laboratory, LLC",Hillsboro,Texas,TNI00042
"Environmental Monitoring, Inc.",Norton,Virginia,TNI01263
"Environmental Quality Laboratories, Inc. - PR",Bayamon,Puerto Rico,TNI00402
ENVIRONMENTAL QUALITY TESTING LABORATORY,WASHINGTON,District of Columbia,TNI02401
Environmental Reagent Service,Ft. Lauderdale,Florida,TNI00403
Environmental Resource Analysts - AL,Auburn,Alabama,TNI00405
ENVIRONMENTAL SCIENCES AND TOXICOLOGY LABORATORY,NEW YORK,New York,TNI01793
Environmental Services Company Inc,Little Rock,Arkansas,TNI02498
"Environmental Systems Service, LTD.- Culpeper",Culpeper,Virginia,TNI01246
"Environmental Testing Group, Inc.",Bentonville,Arkansas,TNI00407
"Environmental Testing Laboratories, Inc.",Thomasville,Georgia,TNI00408
"ENVIROSCIENCE CONSULTANTS, LLC",RONKONKOMA,New York,TNI01749
ENVIROSCIENCE INC.,STOW,Ohio,TNI02792
Envirosource Corp. dba Green Analytical Laboratories,Durango,Colorado,TNI02259
"Envirotech, Inc.",Farmington,New Mexico,TNI02505
EPA Region 9 Field Services Support Center,Hayward,California,TNI00238
ERD Water LLC,Orlando,Florida,TNI00404
ERIE 1 BOCES,WEST SENECA,New York,TNI01705
ERIE COUNTY PUBLIC HEALTH LABORATORY,BUFFALO,New York,TNI01555
ERIE COUNTY SOUTHTOWNS AGENCY,BUFFALO,New York,TNI01534
ERT/REAC LABORATORY,EDISON,New Jersey,TNI01280
Escambia County Water Quality Laboratory,Pensacola,Florida,TNI02441
"ETT Environmental, Inc.",Greer,South Carolina,TNI00409
Eurofins - Midland,Midland,Texas,TNI00163
Eurofins Albuquerque,Albuquerque,New Mexico,TNI00218
Eurofins Arkansas,Little Rock,Arkansas,TNI01373
"EUROFINS ASCEND CLINICAL, LLC",SUNNYVALE,California,TNI02813
Eurofins Atlanta,Atlanta,Georgia,TNI00267
EUROFINS AUBURN (#2501),AUBURN,Maine,TNI01021
Eurofins Bend,Bend,Oregon,TNI02413
EUROFINS BUFFALO,AMHERST,New York,TNI01424
"Eurofins Built Environment Testing Central, LLC - Houston, TX",Pasadena,Texas,TNI02597
EUROFINS BUILT ENVIRONMENT TESTING EAST,CHERRY HILL,New Jersey,TNI02663
EUROFINS BUILT ENVIRONMENT TESTING EAST LLC - CARY NC,CARY,North Carolina,TNI02581
Eurofins Built Environment Testing – Pasadena,Pasadena,Texas,TNI02109
Eurofins Calscience,Tustin,California,TNI01210
Eurofins Calscience Irvine,Irvine,California,TNI01228
Eurofins Cedar Falls,Cedar Falls,Iowa,TNI00232
Eurofins Chicago,Tinley Park,Illinois,TNI02053
Eurofins Cleveland,Barberton,Ohio,TNI00592
Eurofins Columbia,Irmo,South Carolina,TNI02554
EUROFINS CONCORD (#1012),CONCORD,New Hampshire,TNI01037
Eurofins Corpus Christi,Corpus Christi,Texas,TNI00022
Eurofins Corvallis,Corvallis,Oregon,TNI00224
Eurofins Dallas,Dallas,Texas,TNI00080
Eurofins Denver,Arvada,Colorado,TNI00010
EUROFINS DERRY (#1015),DERRY,New Hampshire,TNI01043
"EUROFINS DRINKING WATER AND WASTEWATER CENTRAL, LLC",MARION,Ohio,TNI01646
"Eurofins Eaton Analytical, LLC - Pomona",Pomona,California,TNI02760
EUROFINS EDISON,EDISON,New Jersey,TNI01281
Eurofins El Paso,El Paso,Texas,TNI00032
EUROFINS ENVIRONMENT TESTING CANADA INC (#2248),Ottawa,Ontario,TNI02805
Eurofins Environment Testing Ecotoxicology,Carrollton,Texas,TNI00021
Eurofins Environment Testing North Central,Cleveland,Ohio,TNI02593
"Eurofins Environment Testing Northern California, LLC",Folsom,California,TNI01204
Eurofins Environment Testing Northwest - ASL,Corvallis,Oregon,TNI00202
EUROFINS ENVIRONMENT TESTING NORWAY AS,KRISTIANSAND,Not Applicable,TNI02397
EUROFINS ENVIRONMENT TESTING RADON LLC,CARROLLTON,Texas,TNI01699
Eurofins Environment Testing South Central-SATL,San Antonio,Texas,TNI00138
"Eurofins EPK Built Environment Testing, LLC",Seattle,Washington,TNI01771
Eurofins Florida Keys,Marathon,Florida,TNI00445
Eurofins Fort Lauderdale,Fort Lauderdale,Florida,TNI02553
Eurofins Ft. Myers,Ft. Myers,Florida,TNI00554
Eurofins Geneva,Geneva,Illinois,TNI02050
Eurofins Houston,Stafford,Texas,TNI00026
Eurofins Huntsville,Huntsville,Texas,TNI00017
Eurofins Jacksonville,Jacksonville,Florida,TNI00399
Eurofins Kansas City,Lenexa,Kansas,TNI03063
Eurofins Knoxville,Knoxville,Tennessee,TNI00189
"Eurofins Lancaster Laboratories Environment Testing, LLC",Lancaster,Pennsylvania,TNI02128
Eurofins Lubbock,Lubbock,Texas,TNI00030
Eurofins Madison,Madison,Florida,TNI00446
Eurofins Nokomis,Nokomis,Florida,TNI00553
Eurofins Oklahoma City,Oklahoma City,Oklahoma,TNI02180
Eurofins Orlando,Altamonte Springs,Florida,TNI00444
Eurofins Orlando,Orlando,Florida,TNI00400
Eurofins Pensacola,Pensacola,Florida,TNI00601
Eurofins Philadelphia - Horsham,Horsham,Pennsylvania,TNI02569
Eurofins Phoenix,Phoenix,Arizona,TNI00231
Eurofins Pittsburgh,Pittsburgh,Pennsylvania,TNI02151
Eurofins Port St. Lucie,Port St. Lucie,Florida,TNI00447
EUROFINS PORTSMOUTH (#1732),PORTSMOUTH,New Hampshire,TNI01061
EUROFINS PROVIDENCE (ESS) (#2424),CRANSTON,Rhode Island,TNI01041
Eurofins Raleigh,Cary,North Carolina,TNI00398
EUROFINS RHODE ISLAND (#2245),NORTH KINGSTON,Rhode Island,TNI00575
Eurofins Sacramento,West Sacramento,California,TNI01230
Eurofins Savannah,Savannah,Georgia,TNI00593
EUROFINS SCITEC SA,1007 LAUSANNE,Not Applicable,TNI01664
Eurofins Seattle,Tacoma,Washington,TNI00452
Eurofins South Bend,South Bend,Indiana,TNI00617
Eurofins Spokane,Spokane,Washington,TNI02475
Eurofins St. Louis,Earth City,Missouri,TNI00602
Eurofins Tampa,Tampa,Florida,TNI00594
Eurofins TestAmerica - Houston,Houston,Texas,TNI00034
Eurofins TestAmerica Seattle,Tacoma,Washington,TNI00235
Eurofins Washington,Burlington,Washington,TNI00385
Eurofins Wilsonville,Wilsonville,Oregon,TNI02170
EVANS CHEMETICS ANALYTICAL LAB,WATERLOO,New York,TNI01466
"Everglades Laboratories, Inc.",West Palm Beach,Florida,TNI00410
Everglades Research and Education Center,Belle Glade,Florida,TNI00411
EWEB Water Quality Laboratory,Springfield,Oregon,TNI00215
FALLSBURG (T) ENV LAB,SO FALLSBURG,New York,TNI01568
FDOH Environmental Laboratory West Palm Beach,West Palm Beach,Florida,TNI02728
Fibertec Environmental Services,Holt,Michigan,TNI02260
Fillmore SWCD Water Quality Laboratory,Preston,Minnesota,TNI01145
FINGER LAKES INSTITUTE,GENEVA,New York,TNI02814
FINGER LAKES LPG STORAGE LLC,SAVONA,New York,TNI01737
"First Environmental Laboratories, Inc.",Naperville,Illinois,TNI02031
FL Department of Health -  Miami Branch Laboratory,Miami,Florida,TNI00416
FL Dept. of Health - Alachua County Health Department,Gainesville,Florida,TNI00420
FL Dept. of Health - Columbia County Health Department,Lake City,Florida,TNI00421
FL Dept. of Health - Hendry County Environmental Laboratory,LaBelle,Florida,TNI00422
FL Dept. of Health - Indian River County Health Department,Vero Beach,Florida,TNI00424
FL Dept. of Health - Lee County Health Department,Ft. Myers,Florida,TNI00425
FL Dept. of Health - Walton County Health Department,DeFuniak Springs,Florida,TNI00430
FL DOH/BUREAU OF LAB/ENVIRONMENTAL MICRO SECTION,JACKSONVILLE,Florida,TNI01787
FLDOH BUREAU OF PUBLIC HEALTH LABORATORIES,JACKSONVILLE,Florida,TNI01770
Florida DEP Laboratory,Tallahassee,Florida,TNI00414
Florida Keys Aqueduct Authority - Florida City Treatment Plant,Florida City,Florida,TNI00434
Florida Power & Light Central Laboratory,West Palm Beach,Florida,TNI00436
"Florida Radiochemistry Services, Inc.",Orlando,Florida,TNI00437
Florida Spectrum Environmental Services Inc. - Space Coast Laboratory,Merrit Island,Florida,TNI00449
"Florida-Spectrum Environmental Services, Inc.",Ft. Lauderdale,Florida,TNI00442
"Florida-Spectrum Environmental Services, Inc. - Savannah",Garden City,Georgia,TNI00448
Florida-Spectrum Environmental Services-Big Lake Laboratory,Okeechobee,Florida,TNI00443
Food Safety Net Services,Dodge City,Kansas,TNI02720
Food Safety Net Services,Dodge City,Kansas,TNI02726
Food Safety Net Services,Dodge City,Kansas,TNI02731
Food Safety Net Services,Dodge City,Kansas,TNI02736
Food Safety Net Services,Dodge City,Kansas,TNI02740
Food Safety Net Services,Dodge City,Kansas,TNI02745
Fort Pierce Utilities Authority Water Treatment Plant,Ft. Pierce,Florida,TNI00450
Fort Worth Water Department Centralized Water & Wastewater Laboratory,Fort Worth,Texas,TNI00013
Four Rivers Sanitation Authority,Rockford,Illinois,TNI02046
"Friedman & Bruya, Inc",Seattle,Washington,TNI00216
Frontier Analytical Laboratory,El Dorado Hills,California,TNI01220
FRONTIER TECHNICAL ASSOC INC,WILLIAMSVILLE,New York,TNI01557
FULTON SEWAGE TREATMENT PLANT,FULTON,New York,TNI01506
"Future Laboratories, Inc.",Milton,Florida,TNI00453
"Gabriel Laboratories, Ltd.",Chicago,Illinois,TNI02032
Garden City Municipal Wastewater Laboratory,Garden City,Kansas,TNI01897
GARDEN STATE LABORATORIES INC,HILLSIDE,New Jersey,TNI01287
GASPORT SD#1 STP,GASPORT,New York,TNI01609
"GD Air Testing, Inc.",Plano,Texas,TNI00142
"GEL Laboratories, LLC",Charleston,South Carolina,TNI00188
Geochemical Testing,Somerset,Pennsylvania,TNI02126
Georgia Power Environmental Laboratory,Atlanta,Georgia,TNI00456
GHM ENVIRONMENTAL,SAVONA,New York,TNI01677
Glen Canyon - Wahweap,Page,Arizona,TNI01981
GLENS FALLS WATER LABORATORY,GLENS FALLS,New York,TNI01633
GLOVERSVILLE WATER WORKS,GLOVERSVILLE,New York,TNI01539
GLOVERSVILLE-JOHNSTOWN JWTF,JOHNSTOWN,New York,TNI01435
Gopher Resource - Tampa,Tampa,Florida,TNI02659
Gopher Resource Corp. Laboratory,Eagan,Minnesota,TNI01144
GORHAM WASTEWATER TREATMENT FACILITY LABORATORY,GORHAM,New Hampshire,TNI01042
"GPI LABORATORIES, INC.",KENTWOOD,Michigan,TNI01733
"Grace Consulting, Inc.",Plainfield,Indiana,TNI02661
GRAHAMSVILLE LABORATORY,GRAHAMSVILLE,New York,TNI01582
GRAND ISLAND WASTEWATER PLANT,GRAND ISLAND,New York,TNI01468
"Grants Pass Water Laboratory, Inc./The Water Lab",Grants Pass,Oregon,TNI00217
GREAT LAKES ENVIRONMENTAL CENTER INC (MI),TRAVERSE CITY,Michigan,TNI02205
GREAT LAKES ENVIRONMENTAL CENTER INC (OH),COLUMBUS,Ohio,TNI02590
"Green Country Testing, Inc. - OKC",Oklahoma City,Oklahoma,TNI02639
"Green Country Testing, Inc. - Tulsa",Tulsa,Oklahoma,TNI01389
Green Leaf Lab,Portland,Oregon,TNI02452
Green Leaf Lab - Rogue River,Rogue River,Oregon,TNI02715
GreenWater Laboratory / CyanoLab,Palatka,Florida,TNI02510
Guadalupe-Blanco River Authority Regional Laboratory,Seguin,Texas,TNI00060
Gulf Coast Analytical Laboratories LLC dba Pace Analytical Gulf Coast,Baton Rouge,Louisiana,TNI01390
Gulf Coast Authority,Pasadena,Texas,TNI00085
Gulf Coast Testing LLC,Prairieville,Louisiana,TNI02493
Gulf States Environmental Laboratories Inc,Shreveport,Louisiana,TNI01391
H&P Mobile Geochemistry Inc,Carlsbad,California,TNI02365
H2O Quality Laboratory a Division of Prince William Water,Woodbridge,Virginia,TNI01240
HAMPTON- CLARKE,FAIRFIELD,New Jersey,TNI01278
HAMPTON-CLARKE INC,MOUNT LAUREL,New Jersey,TNI02253
Harris County Pollution Control Services Department,Pasadena,Texas,TNI00045
HAWTHORNE LABORATORY,HAWTHORNE,New York,TNI01603
HAZEN RESEARCH INC,GOLDEN,Colorado,TNI01694
HENNINGSON DURHAM & RICHARDSON ARCHITECTURE & ENGINEERING PC,NANUET,New York,TNI01511
Henrico County D.P.U. Central Environmental Laboratory,Henrico,Virginia,TNI02222
HF Sinclair El Dorado Refining LLC,El Dorado,Kansas,TNI01893
HGS Analytical Laboratory,Oxford,Alabama,TNI02532
"HILLMANN CONSULTING, LLC",UNION,New Jersey,TNI01286
Hillsborough County Environmental Laboratory,Tampa,Florida,TNI00461
Hillsborough County Environmental Protection Commission,Tampa,Florida,TNI00460
HORNELL (C) WATER TREATMENT PLANT,HORNELL,New York,TNI01429
Howard F. Curren Advanced Wastewater Treatment Plant Analytical Laboratory,Tampa,Florida,TNI00462
HRSD Central Environmental Laboratory,Virginia Beach,Virginia,TNI01239
Hutchinson Municipal Wastewater Laboratory,Hutchinson,Kansas,TNI01904
"Huther and Associates, Inc.",Denton,Texas,TNI00039
"HYDRO TECHNOLOGIES, LLC",NEW MILFORD,Connecticut,TNI01880
IEH - JL Analytical,Modesto,California,TNI02561
IEH SCIENTIFIC METHODS,GRANGER,Indiana,TNI02288
Illinois Environmental Protection Agency Laboratory,Springfield,Illinois,TNI00466
"Inboden Environmental Services, Inc.",Mount Jackson,Virginia,TNI01251
INFRAMARK,STATEN ISLAND,New York,TNI01821
"Instrumental Research, Inc",Fridley,Minnesota,TNI01082
"Integrity Testing, Inc.",Austin,Texas,TNI02281
International Paper Pensacola Mill Central Laboratory,Cantonment,Florida,TNI00467
International Water Quality Laboratory,El Paso,Texas,TNI00137
INTERSTATE ENVIRONMENTAL COMMISSION,BROOKLYN,New York,TNI01547
Ion Testing Laboratory,Georgetown,Texas,TNI02684
"IRIS ENVIRONMENTAL LABORATORIES, LLC",UNION,New Jersey,TNI02478
IRON Laboratories Oregon,Eugene,Oregon,TNI02459
Irwin Army Community Hospital-Water Laboratory-PH-EH,Fort Riley,Kansas,TNI02529
ITHACA AREA WASTE WATER TREATMENT FACILITY,ITHACA,New York,TNI01617
J MYERS WATER SERVICES INC,HUNTER,New York,TNI01840
JACO ANALYTICAL LABORATORY,EPHRATA,Washington,TNI01686
James R. Reed & Associates,Newport News,Virginia,TNI01241
JB3 CONSULTING,LAKE GEORGE,New York,TNI01738
JEA Laboratory Services,Jacksonville,Florida,TNI00468
"JH CONSULTING GROUP, INC",LOUDONVILLE,New York,TNI01784
Johnson County Water Quality Laboratory,Olathe,Kansas,TNI01926
"Joiner Labs, LLC dba Joiner Micro Labs",Warrenton,Virginia,TNI01261
JOINT REGIONAL SEWERAGE BOARD,WEST HAVERSTRAW,New York,TNI01656
JORDAN (V) WATER POLLUTION CONTROL PLANT,JORDAN,New York,TNI01476
Jordan Basin Water Reclamation Facility Laboratory,Riverton,Utah,TNI02226
Jordan Valley Laboratory,Herriman,Utah,TNI01984
Jordanelle Laboratory,Heber City,Utah,TNI01985
"Jupiter Environmental Laboratories, Inc.",Jupiter,Florida,TNI00469
KAM CONSULTANTS,LONG ISLAND CITY,New York,TNI01674
Kanapaha Laboratory - Gainesville Utilities,Gainesville,Florida,TNI00473
Kansas City Board of Public Utilities-Nearman Water Laboratory,Kansas City,Kansas,TNI01908
Kansas City Municipal Wastewater Laboratory,Kansas City,Kansas,TNI01910
KATAHDIN ANALYTICAL SERVICES LLC (#2001),SCARBOROUGH,Maine,TNI00476
Kaycha Labs Oregon,Central Point,Oregon,TNI02457
KC Water Services Laboratory,Kansas City,Missouri,TNI02727
KEENE CITY LABORATORY,SWANZEY,New Hampshire,TNI01046
Kennedy Space Center Environmental Microbiology Laboratory,Kennedy Space Center,Florida,TNI00477
KENTUCKY EEC DEP DIV ENVIRONMENTAL PROGRAM SUPPORT,FRANKFORT,Kentucky,TNI01063
KINGSTON LABORATORY - NYC DEP,KINGSTON,New York,TNI01425
KINGSTON WATER DEPARTMENT LAB,KINGSTON,New York,TNI01457
Klamath Tribes Sprague River Water Quality Laboratory,Chiloquin,Oregon,TNI02451
KNL Environmental Testing,Tampa,Florida,TNI00478
Koochiching Health Department Water Testing,International Falls,Minnesota,TNI01147
LACONIA WATER WORKS LABORATORY,LAKEPORT,New Hampshire,TNI01047
Lafayette Consolidated Government,Lafayette,Louisiana,TNI01392
Lake County Environmental Laboratory,Libertyville,Illinois,TNI02035
Lake County Water Resource Management Laboratory,Tavares,Florida,TNI00479
LAKE PLACID VILLAGE,LAKE PLACID,New York,TNI01492
Lawrence Municipal Laboratory - Utilities,Lawrence,Kansas,TNI01914
Leavenworth Municipal Wastewater Treatment Plant,Leavenworth,Kansas,TNI01915
Lee County Environmental Laboratory,Ft. Myers,Florida,TNI00481
LEFRAK CITY PRIORITY POLLUTANTS LAB-NYCDEP,CORONA,New York,TNI01703
"Legend Technical Services, Inc.",St Paul,Minnesota,TNI01120
Liberal Municipal Wastewater Laboratory,Liberal,Kansas,TNI01918
LIFE SCIENCE LABORATORIES - CENTRAL,EAST SYRACUSE,New York,TNI01488
LIFE SCIENCE LABORATORIES INC - FINGER LAKES,WAYLAND,New York,TNI01745
LIFE SCIENCE LABORATORIES INC - NORTH,WADDINGTON,New York,TNI01621
Lightscale Labs,Portland,Oregon,TNI02466
LOCKPORT WASTEWATER TREATMENT PLANT,LOCKPORT,New York,TNI01423
LOCKPORT WATER TREATMENT PLANT LAB,LOCKPORT,New York,TNI01587
"LONG ISLAND ANALYTICAL LABORATORIES, INC",HOLBROOK,New York,TNI01752
Lower Colorado River Authority - Environmental Laboratory Services,Austin,Texas,TNI00029
Lower Neches Valley Authority - North Regional Treatment Plant Laboratory,Beaumont,Texas,TNI00104
Loxahatchee River Environmental Control District,Jupiter,Florida,TNI00483
"LOZIER ENVIRONMENTAL CONSULTING, INC",ROCHESTER,New York,TNI01777
Luman's Laboratories,Chetopa,Kansas,TNI02717
M. J. Reider Associates Inc,Reading,Pennsylvania,TNI02130
MAIN PUMP STATION NO 5,CHEEKTOWAGA,New York,TNI01601
MAINE LABORATORIES LLC,NORRIDGEWOCK,Maine,TNI02801
Manatee County Natural Resources Department,Bradenton,Florida,TNI00485
Manatee County Utilities Department WTPQC Laboratory,Bradenton,Florida,TNI00486
Manatee County Utility Department Central Laboratory,Bradenton,Florida,TNI00487
MANCHESTER WATER WORKS LABORATORY,MANCHESTER,New Hampshire,TNI01049
Manhattan Municipal Wastewater Laboratory,Manhattan,Kansas,TNI01920
Mankato Water Plant,Mankato,Minnesota,TNI01076
"Marathon Petroleum, LP - RAD Environmental Services Laboratory",Catlettsburg,Kentucky,TNI02111
"Marinco Bioassay Laboratory, Inc.",Sarasota,Florida,TNI00488
"Marine Chemist Service, Inc.",Newport News,Virginia,TNI02362
"Marion County Water Test Lab., LLC",Ocala,Florida,TNI02198
Martin County Environmental Services - North Water Treatment Plant Laboratory,Jensen Beach,Florida,TNI00489
"Maryland Spectral Services, Inc.",Halethorpe,Maryland,TNI01265
Matrix Sciences dba KTL,Pasco,Washington,TNI02416
MCANDREW LABORATORY INC,ORCHARD PARK,New York,TNI01481
McCampbell Analytical Inc.,PITTSBURG,California,TNI02278
McCowan Clinical Laboratory Inc.,Coos Bay,Oregon,TNI00213
"McGlynn Laboratories, Inc.",Tallahassee,Florida,TNI00490
McPherson Municipal Wastewater Laboratory,McPherson,Kansas,TNI01921
"Meridian Analytical Laboratories, LLC - Mound Valley",Mound Valley,Kansas,TNI01923
Meridian Analytical Laboratory - Wichita,Wichita,Kansas,TNI01941
Merieux NutriSciences,Gainesville,Florida,TNI00245
"MERIT LABORATORIES, INC.",EAST LANSING,Michigan,TNI01791
MERRIMACK WASTEWATER TREATMENT PLANT LABORATORY,MERRIMACK,New Hampshire,TNI01050
"Metiri Analytical Group, Inc",Kittanning,Pennsylvania,TNI02123
Metropolitan Solutions,Portsmouth,Virginia,TNI02221
Metropolitan Water District Laboratory,Cottonwood Heights,Utah,TNI01987
Miami-Dade Central District Wastewater Treatment Plant Laboratory,Virginia Key-Miami,Florida,TNI00492
"Miami-Dade County, Department of Environmental Resources Management (DERM)",Miami,Florida,TNI00376
Miami-Dade North District Wastewater Treatment Plant Laboratory,North Miami Beach,Florida,TNI00494
Miami-Dade South District Wastewater Treatment Plant Laboratory,Miami,Florida,TNI00495
Miami-Dade Water & Sewer Authority - Orr Water Treatment Plant Laboratory,Miami,Florida,TNI00496
Miami-Dade Water & Sewer Department - John E. Preston Water Quality Laboratory,Hialeah,Florida,TNI00497
"Michigan Department of Environment, Great Lakes, and Energy",Lansing,Michigan,TNI02687
"Michigan Department of Environment, Great Lakes, and Energy Laboratory Services",Lansing,Michigan,TNI02677
Micro Methods Laboratory Inc,Ocean Springs,Mississippi,TNI01397
MICROBAC LABORATORIES INC (CT) #2243,DAYVILLE,Connecticut,TNI01724
"Microbac Laboratories, Inc - Kansas",Lenexa,Kansas,TNI01911
"Microbac Laboratories, Inc - Kentucky Division",Louisville,Kentucky,TNI02199
"Microbac Laboratories, Inc - Marietta Division",Marietta,Ohio,TNI00498
"MICROBAC LABORATORIES, INC-NORTHBROOK",NORTHBROOK,Illinois,TNI02420
"Microbac Laboratories, Inc. - Baltimore",Baltimore,Maryland,TNI02442
"Microbac Laboratories, Inc. - Chicagoland Division",Merrillville,Indiana,TNI01842
"Microbac Laboratories, Inc. - Pittston",Pittston,Pennsylvania,TNI02680
"Microbac Laboratories, Inc. Pittsburgh Division",Warrendale,Pennsylvania,TNI02133
"Microbac Laboratories, Inc., Knoxville Division",Maryville,Tennessee,TNI01946
"Microbac Laboratories, Inc.-Newton",Newton,Iowa,TNI01303
MICROBAC NEW YORK-CORTLAND,CORTLAND,New York,TNI01606
"MID-ATLANTIC ENVIRONMENTAL LABORATORIES, INC.",NEW CASTLE,Delaware,TNI01298
MIDDLEPORT TREATMENT FACILITY,MIDDLEPORT,New York,TNI01566
"Midwest Laboratories, Inc.",Omaha,Nebraska,TNI00502
Mill Creek Lab of Cincinnati Metropolitan Sewer District,Cincinnati,Ohio,TNI02386
Milwaukee Metropolitan Sewerage District,Milwaukee,Wisconsin,TNI00504
Minneapolis Water Department,Fridley,Minnesota,TNI01151
"Minnesota Valley Testing Laboratories, Inc.",New Ulm,Minnesota,TNI01080
Minnesota Valley Testing Labs Inc.,Bismarck,North Dakota,TNI01176
MOHAWK VALLEY WATER AUTHORITY,UTICA,New York,TNI01508
MOHAWK VIEW LABORATORY,LATHAM,New York,TNI01418
MONROE COUNTY ENVIRONMENTAL LABORATORY,ROCHESTER,New York,TNI01527
MONROE COUNTY WATER AUTHORITY WTP,ROCHESTER,New York,TNI01447
MONTICELLO (V),MONTICELLO,New York,TNI01486
Moody Labs LLC,Farmers Branch,Texas,TNI02811
Moorhead Public Service Laboratory,Moorhead,Minnesota,TNI01154
"Morton Salt, Inc.",South Hutchinson,Kansas,TNI01937
Mosaic Fertilizer LLC Environmental Laboratory,Mulberry,Florida,TNI00505
Mote Marine Laboratory,Sarasota,Florida,TNI00506
Murphree Water Treatment Plant,Gainesville,Florida,TNI00321
MW labs,Medford,Oregon,TNI02480
MWRDGC Calumet Analytical Laboratory,Chicago,Illinois,TNI02037
MWRDGC Egan Analytical Laboratory,Schaumburg,Illinois,TNI02038
MWRDGC Industrial Waste Laboratory,Cicero,Illinois,TNI02039
MWRDGC Organic Compounds Laboratory,Schaumburg,Illinois,TNI02040
MWRDGC Stickney Analytical Laboratory,Cicero,Illinois,TNI02041
NASA Johnson Space Center Microbiology Laboratory,Houston,Texas,TNI00178
NASSAU COUNTY DEPT OF HEALTH,HEMPSTEAD,New York,TNI01516
National Environment Lab,Seoul,Not Applicable,TNI02699
"National Testing Laboratories, Ltd.",Ypsilanti,Michigan,TNI02138
Natural Waters of Viti Pte Limited,"Tavua, Fiji Island",Not Applicable,TNI02379
"Nautilus Environmental, Inc",San Diego,California,TNI02313
Neilson Research Corporation,Medford,Oregon,TNI00221
NELANALYTICAL (#2534),WINSLOW,Maine,TNI01057
NELSON ANALYTICAL LAB - KEENE DIVISION,SWANZEY,New Hampshire,TNI01036
NELSON ANALYTICAL LLC,MANCHESTER,New Hampshire,TNI01053
NELSON ANALYTICAL LLC - MAINE DIVISION,KENNEBUNK,Maine,TNI01054
NESTLE WATERS QUALITY ASSURANCE LAB,LOS ANGELES,California,TNI01679
NESTLE WATERS SUPPLY SUD,VERGEZE,Not Applicable,TNI01658
New Age Landmark Inc dba New Age Laboratories,South Haven,Michigan,TNI00509
New Age/Landmark Inc. #2,South Haven,Michigan,TNI00510
New Age/Landmark Inc. #3,South Haven,Michigan,TNI00511
NEW ENGLAND BIOASSAY INC.,WINDSOR,Connecticut,TNI02408
NEW ENGLAND TESTING LAB INC,WEST WARWICK,Rhode Island,TNI01747
NEW HAMPSHIRE DHHS PUBLIC HEALTH LABORATORIES,CONCORD,New Hampshire,TNI01056
Newport News Shipbuilding- A Division of Huntington Ingalls Industries,Newport News,Virginia,TNI01238
Newton Municipal Wastewater Laboratory,Newton,Kansas,TNI01924
NEWTOWN CREEK MICROBIOLOGY LABORATORY,BROOKLYN,New York,TNI01648
NEWTOWN CREEK PROCESS CONTROL LAB,BROOKLYN,New York,TNI01518
"Niagara Bottling, LLC",Howard,Pennsylvania,TNI02121
NIAGARA CO SEWER DISTRICT  #1,WHEATFIELD,New York,TNI01446
NIAGARA COUNTY WATER DISTRICT,NIAGARA FALLS,New York,TNI01592
NIAGARA FALLS WATER BOARD WASTEWATER  LABORATORY,NIAGARA FALLS,New York,TNI01536
NIAGARA FALLS WATER QUALITY LABORATORY,NIAGARA FALLS,New York,TNI01535
"Niceville-Valparaiso Regional Sewer Board, Inc.",Niceville,Florida,TNI00512
"NORLITE, LLC",COHOES,New York,TNI01718
NORTH AMERICAN TESTING,NORWALK,Ohio,TNI02586
North Davis Sewer District Laboratory,Syracuse,Utah,TNI01988
"North Shore Analytical, Inc.",Duluth,Minnesota,TNI01185
North Shore Water Reclamation District,Gurnee,Illinois,TNI02042
North Texas Municipal Water District Environmental Laboratory,Wylie,Texas,TNI00069
NORTH TONAWANDA WWTP,N TONAWANDA,New York,TNI01493
"North Water District Laboratory Services, Inc. Toxicology Laboratory",Conroe,Texas,TNI00015
NORTHEAST OHIO REGIONAL SEWER DISTRICT ANALYTICAL SERVICES (#2238),CUYAHOGA HEIGHTS,Ohio,TNI02602
Northeast Texas Public Health District Laboratory,Tyler,Texas,TNI00048
NORTHERN WESTCHESTER JOINT WATER WORKS,CORTLANDT MANOR,New York,TNI01803
Northrop Grumman Space Systems Environmental Laboratory,Corinne,Utah,TNI01959
NOVA ANALYTIC LABS,PORTLAND,Maine,TNI02941
"Nova Biologicals, Inc",Conroe,Texas,TNI02533
"Nova Biologicals, Inc.",Conroe,Texas,TNI00075
NSF INTERNATIONAL,ANN ARBOR,Michigan,TNI01665
NTM Environmental Reference Laboratory,Tyler,Texas,TNI03081
NY ENVIRONMENTAL AND ANALYTICAL LABS INC,PORT WASHINGTON,New York,TNI01713
NYC DEP BEC - ENVIROMENTAL TESTING LABORATORY,CORONA,New York,TNI01643
NYS DOH Environmental Biology Laboratory,Albany,New York,TNI00514
NYS DOH Inorganic & Nuclear Chemistry Laboratory,Albany,New York,TNI00515
NYS DOH LABORATORY OF ENVIRONMENTAL BIOLOGY,ALBANY,New York,TNI02875
NYS DOH Organic Analytical Chemistry Laboratory,Albany,New York,TNI00516
OAKWOOD BEACH PROCESS CONTROL LAB,STATEN ISLAND,New York,TNI01519
Obsidian Analytical,Golden,Colorado,TNI02415
Occoquan Watershed Monitoring Laboratory,Manassas,Virginia,TNI01253
OCL ANALYTICAL SERVICES,BLOOMINGBURG,New York,TNI01567
Ogden City Water Treatment Plant,Ogden,Utah,TNI02551
Ohio Lumex Analytical Laboratory,Solon,Ohio,TNI02212
"Oilfield Environmental & Compliance, Inc. (OEC)",Santa Maria,California,TNI02666
Okaloosa County Water and Sewer Laboratory,Ft. Walton Beach,Florida,TNI00517
OKLAHOMA STATE ENVIRONMENTAL LABORATORY SERVICES #2338,OKLAHOMA CITY,Oklahoma,TNI02423
Olathe Environmental Laboratory,Olathe,Kansas,TNI01925
OLEAN (C) WATER TREATMENT PLANT,OLEAN,New York,TNI01529
OLEAN WASTEWATER TREATMENT PLT,OLEAN,New York,TNI01448
OMIC USA Inc.,Portland,Oregon,TNI00222
ONEIDA COUNTY WATER POLLUTION CONTROL,UTICA,New York,TNI01419
ONEONTA (C) WATER LABORATORY,ONEONTA,New York,TNI01585
ONONDAGA CO WATER AUTHORITY,SYRACUSE,New York,TNI01531
ONONDAGA COUNTY DEPT WATER ENV PROTECTIO,LIVERPOOL,New York,TNI01472
ONONDAGA COUNTY WATER AUTHORITY OSWEGO LABORATORY,OSWEGO,New York,TNI01484
ONTARIO WATER UTILITIES,ONTARIO,New York,TNI01552
"Onterris Air Quality Services, LLC",Roanoke,Virginia,TNI02266
"Onterris Air Quality Services, LLC - Deer Park",Deer Park,Texas,TNI00172
"Onterris Air Quality Services, LLC - Mobile #1",Roanoke,Virginia,TNI02489
"Onterris Laboratories, LLC",Denver,Colorado,TNI02207
"Onterris Laboratories, LLC",El Dorado Hills,California,TNI01235
"Onterris Laboratories, LLC",Richmond,Virginia,TNI01248
"Onterris Laboratories, LLC - Anaheim",Anaheim,California,TNI02902
"Onterris Laboratories, LLC - Deer Park",Deer Park,Texas,TNI00052
"Onterris Laboratories, LLC - Houston",Deer Park,Texas,TNI00035
"ONTERRIS LABORATORIES, LLC - MT. PLEASANT",MT. PLEASANT,Michigan,TNI02583
"Onterris Laboratories, LLC - Orange",Orange,California,TNI01207
Orange County Environmental Protection Division,Orlando,Florida,TNI00519
Orange County Sanitation District,Fountain Valley,California,TNI02549
Orange County Utilities Central Laboratory,Orlando,Florida,TNI00520
"Oregon Department of Environmental Quality, Laboratory and Environmental Assessment Division",Hillsboro,Oregon,TNI02592
"Oregon Integrated Labs, LLC",Cave Junction,Oregon,TNI02621
Orlando Utilities Commission,Orlando,Florida,TNI00521
OSSINING (V) WATER DEPT LAB-INDIAN BROOK,OSSINING,New York,TNI01584
OSWEGO WATER TREATMENT PLANT LAB,OSWEGO,New York,TNI01485
OTISCO WATER TREATMENT PLANT,MARCELLUS,New York,TNI01628
Ott Story MDEQ Superfund Site Laboratory,N Muskegon,Michigan,TNI02492
Otto Analytical Lab LLC,Lebanon,Oregon,TNI02716
PA DEP BUREAU OF LABORATORIES,HARRISBURG,Pennsylvania,TNI01349
"Pace Analytical - Grand Rapids, MI",Kentwood,Michigan,TNI00611
Pace Analytical National - Las Vegas,Las Vegas,Nevada,TNI02891
Pace Analytical National Center for Testing & Innovation,Mount Juliet,Tennessee,TNI01354
Pace Analytical National Center for Testing & Innovation - Davis,Sacramento,California,TNI01222
Pace Analytical Services - Tampa,Oldsmar,Florida,TNI00571
Pace Analytical Services LLC  New Orleans,St. Rose,Louisiana,TNI01398
Pace Analytical Services LLC - Greensburg PA,Greensburg,Pennsylvania,TNI02141
PACE ANALYTICAL SERVICES LLC - MA,WOBURN,Massachusetts,TNI01060
"Pace Analytical Services LLC - Williamsport, PA",Williamsport,Pennsylvania,TNI02269
Pace Analytical Services LLC Baton Rouge,Baton Rouge,Louisiana,TNI01376
PACE ANALYTICAL SERVICES LLC MANSFIELD MA (120 FORBES),MANSFIELD,Massachusetts,TNI02820
PACE ANALYTICAL SERVICES LLC MANSFIELD MA (320 FORBES),MANSFIELD,Massachusetts,TNI00262
"Pace Analytical Services, Inc - Frontenac",Frontenac,Kansas,TNI02535
"Pace Analytical Services, Inc - Indianapolis",Indianapolis,Indiana,TNI02099
"Pace Analytical Services, Inc. - Salina",Salina,Kansas,TNI01935
"Pace Analytical Services, LLC - Altoona, PA",Altoona,Pennsylvania,TNI02189
"Pace Analytical Services, LLC - Asheville NC",Asheville,North Carolina,TNI00524
"Pace Analytical Services, LLC - Beaver WV",Beaver,West Virginia,TNI00546
"Pace Analytical Services, LLC - Dallas, TX",Allen,Texas,TNI00038
"Pace Analytical Services, LLC - Duluth, MN",Duluth,Minnesota,TNI01090
"PACE ANALYTICAL SERVICES, LLC - EAST LONGMEADOW, MA",EAST LONGMEADOW,Massachusetts,TNI01620
"Pace Analytical Services, LLC - Eden NC",Eden,North Carolina,TNI01252
"Pace Analytical Services, LLC - Englewood, OH",Englewood,Ohio,TNI02534
"Pace Analytical Services, LLC - Erie",Erie,Pennsylvania,TNI02647
"PACE ANALYTICAL SERVICES, LLC - EWING",EWING,New Jersey,TNI02425
"Pace Analytical Services, LLC - Greenville SC",Greenville,South Carolina,TNI00272
"Pace Analytical Services, LLC - Huntersville NC",Huntersville,North Carolina,TNI00525
"Pace Analytical Services, LLC - Kentucky - Pikeville",Pikeville,Kentucky,TNI02490
"Pace Analytical Services, LLC - Lenexa KS",Lenexa,Kansas,TNI01917
"Pace Analytical Services, LLC - Lexington VA",Lexington,Virginia,TNI00548
"Pace Analytical Services, LLC - Madisonville",Madisonville,Kentucky,TNI02188
"PACE ANALYTICAL SERVICES, LLC - MELVILLE, NY",MELVILLE,New York,TNI01559
"Pace Analytical Services, LLC - Minneapolis MN",Minneapolis,Minnesota,TNI00223
"Pace Analytical Services, LLC - Ormond Beach FL",Ormond Beach,Florida,TNI00527
"Pace Analytical Services, LLC - Sheridan, WY",Sheridan,Wyoming,TNI02261
"Pace Analytical Services, LLC - Springfield, MO",Springfield,Missouri,TNI02780
"Pace Analytical Services, LLC - Virginia MN",Virginia,Minnesota,TNI02156
"Pace Analytical Services, LLC - West Columbia SC",West Columbia,South Carolina,TNI00560
"Pace Analytical Services, LLC - Wysox",Wysox,Pennsylvania,TNI02601
"Pace Analytical Services, LLC -- Bakersfield",Bakersfield,California,TNI02286
"Pace Analytical Services, LLC – Hazelwood, Missouri",Hazelwood,Missouri,TNI02102
"Pace Analytical Services, LLC – McHenry, Illinois",McHenry,Illinois,TNI02036
"Pace Analytical Services, LLC- Atlanta GA",Peachtree Corners,Georgia,TNI00271
"Pace Analytical Services, LLC- Green Bay WI",Green Bay,Wisconsin,TNI00523
"PACE ANALYTICAL SERVICES, LLC-FAIRFIELD",FAIRFIELD,New Jersey,TNI01277
"Pace Analytical Services, LLC-Indiana",Indiana,Pennsylvania,TNI02271
"PACE ANALYTICAL SERVICES, LLC-NEWBURGH",NEWBURGH,New York,TNI01452
"Pace Analytical Services, LLC-Pompano FL",Pompano Beach,Florida,TNI00439
"Pace Analytical Services, LLC.- Peoria",Peoria,Illinois,TNI02044
"PACE ANALYTICAL SERVICES,LLC-BALLSTON SPA",BALLSTON SPA,New York,TNI01720
PACE ANALYTICALSERVICES LLC WESTBOROUGH MA,WESTBOROUGH,Massachusetts,TNI01316
PacGenomics Environmental Division Laboratory,Agoura Hills,California,TNI03061
Pacific EcoRisk,Fairfield,California,TNI01225
Pacific EcoRisk,Fairfiled,California,TNI02755
"Pacific Rim Laboratories, Inc.",Surrey,British Columbia,TNI00529
Pacific Water Analytics,Eugene,Oregon,TNI02816
Packaging Corporation of America - Valdosta Mill,Valdosta,Georgia,TNI00530
Palm Beach County Water Utilities,Delray Beach,Florida,TNI00531
PANEK LABORATORY LLC DBA JLI ENVIRONMENTAL LABORATORIES,AUBURN,New York,TNI01434
PARADIGM ENVIRONMENTAL SERVICES INC,ROCHESTER,New York,TNI01631
"Paragon Laboratories, Inc.",Livonia,Michigan,TNI02754
Pasco County Utilities Environmental Laboratory,New Port Richey,Florida,TNI00533
PAUL SMITH'S COLLEGE ADIRONDACK WATERSHED INSTITUTE,PAUL SMITHS,New York,TNI02790
Peace River Manasota Regional Water Supply Authority,Arcadia,Florida,TNI02511
Pendleton Wastewater Treatment Plant,Pendleton,Oregon,TNI00225
"Perma-Fix Analytical Services Laboratory - Perma-Fix of Florida, Inc.",Gainesville,Florida,TNI02757
"Permian Basin Environmental Lab, LP",Midland,Texas,TNI02209
PGA Wastewater Treatment Facility - Seacoast Utility Authority,Palm Beach Gardens,Florida,TNI00536
Phase Separation Science Inc,Baltimore,Maryland,TNI02142
PHIGENICS ANALYTICAL SERVICES LABORATORY - FAYETTEVILLE,FAYETTEVILLE,Arkansas,TNI02788
PHILIS Analytical Laboratory (PAL),Castle Rock,Colorado,TNI02200
PHILIS ANALYTICAL PORTABLE LABORATORY (APL01),EDISON,New Jersey,TNI02273
PHILIS Laboratory Unit (PLU),Castle Rock,Colorado,TNI02445
PHOENIX ENVIRONMENTAL LABS,MANCHESTER,Connecticut,TNI01678
"Phoslab Environmental Services, Inc.",Lakeland,Florida,TNI00537
Pinellas County Utilities Laboratory,Largo,Florida,TNI00538
Pinnacle Analytics,Medford,Oregon,TNI02604
Pittsburg Municipal Wastewater Laboratory,Pittsburg,Kansas,TNI01930
PLATTSBURGH WPCP LABORATORY,PLATTSBURGH,New York,TNI01439
Polk County Natural Resources Division,Bartow,Florida,TNI00540
PORT WASHINGTON WPCD,PORT WASHINGTON,New York,TNI01489
Portland Water Bureau Laboratory,Portland,Oregon,TNI00226
Portsmouth Analytical Laboratory,Piketon,Ohio,TNI02008
POTSDAM SPECIALITY PAPER INC.,POTSDAM,New York,TNI01599
POUGHKEEPSIES' WATER TREATMENT FACILITY,POUGHKEEPSIE,New York,TNI02521
"Precision Analytical Laboratories, LLC",Everett,Washington,TNI02742
"Precision Petroleum Labs, Inc.",Houston,Texas,TNI00016
PREE Laboratories,Corvallis,Oregon,TNI02501
PREE Laboratories LLC,Clackamas,Oregon,TNI02456
PriorityLab,Fort Lauderdale,Florida,TNI02758
"Professional Environmental Testing and Consulting, LLC",Davie,Florida,TNI02393
"Professional Testing Labs, Inc.",Medford,Oregon,TNI02675
Provo Water Resources Laboratory,Provo,Utah,TNI01990
"PSTC Food Chemistry, Inc.",Salina,Kansas,TNI01932
Q LABS LLC,CINCINNATI,Ohio,TNI02791
QUEENSBURY LABORATORY,QUEENSBURY,New York,TNI01579
QUEST DIAGNOSTICS INCORPORATED,CLIFTON,New Jersey,TNI03021
"R&C Joy, Inc.",Katy,Texas,TNI00149
R&J LABORATORIES,PENN YAN,New York,TNI01571
RADIATION SAFETY SERVICES INC (RSSI),MORTON GROVE,Illinois,TNI01874
RADONOVA,UPPSALA,Not Applicable,TNI02421
Ramboll US Corporation,Brentwood,Tennessee,TNI01384
"Rayonier Performance Fibers, LLC.",Fernandina Beach,Florida,TNI00544
Red River Authority of Texas Environmental Services Laboratory,Wichita Falls,Texas,TNI00064
Red Wing City Laboratory,Red Wing,Minnesota,TNI01152
Reference Labs LLC,Tigard,Oregon,TNI02504
REGIONAL WATER AUTHORITY (#2239),NEW HAVEN,Connecticut,TNI01819
RENSSELAER COUNTY SEWER DISTRICT #1,TROY,New York,TNI01437
Research Triangle Institute,Research Triangle Park,North Carolina,TNI01400
"RESOLUTION ANALYTICS, INC.",APEX,North Carolina,TNI02272
Richards Laboratories of Utah Inc.,Pleasant Grove,Utah,TNI01991
Rio Tinto Kennecott Environmental and Industrial Hygiene Laboratory,Magna,Utah,TNI01986
RJ Analytical LLC,Pleasant View,Utah,TNI01992
"RJ Lee Group, Inc.",Monroeville,Pennsylvania,TNI02146
"RJ Lee Group, Inc./Columbia Basin Analytical Laboratories",Pasco,Washington,TNI01797
"RMB Environmental Laboratories, Inc - Burnsville",Burnsville,Minnesota,TNI02523
"RMB Environmental Laboratories, Inc. - Virginia",Virginia,Minnesota,TNI02598
"RMB Environmental Laboratories, Inc.- Detroit Lakes",Detroit Lakes,Minnesota,TNI01182
"RMB Environmental Laboratories, Inc.-Burnsville",Burnsville,Minnesota,TNI02817
RMB-Pequot Lakes,Pequot Lakes,Minnesota,TNI02970
ROCHESTER (C) WATER BUREAU,HEMLOCK,New York,TNI01483
Rochester Public Utilities,Rochester,Minnesota,TNI01124
ROCKLAND COUNTY SEWER DISTRICT 1,ORANGEBURG,New York,TNI01548
Rogue Research Lab LLC,Rogue River,Oregon,TNI02502
Rose City Laboratories,Portland,Oregon,TNI02462
"RTCA-RADON TESTING CORPORATION OF AMERICA, INC",ELMSFORD,New York,TNI01608
RTI International,Durham,North Carolina,TNI02672
"RTI Laboratories, Inc.",Livonia,Michigan,TNI01993
S and S Onsite Analytical Ltd,Findlay,Ohio,TNI02352
"SABAN ANALYTICAL, LLC",LYNDHURST,New Jersey,TNI02537
Sabetha Municipal Wastewater Laboratory,Sabetha,Kansas,TNI01931
Sabine River Authority of Texas,Orange,Texas,TNI00057
SAFETY-KLEEN CORP-BUFFALO,BUFFALO,New York,TNI01735
Saint Paul Regional Water Services,St Paul,Minnesota,TNI01074
Salt Lake City Water Reclamation Plant Lab,Salt Lake City,Utah,TNI01994
San Antonio Metropolitan Health District,San Antonio,Texas,TNI00113
San Antonio River Authority Regional Environmental Laboratory,San Antonio,Texas,TNI00053
San Antonio Water System Environmental Laboratory,San Antonio,Texas,TNI00105
"SanAir Technologies Laboratory, Inc.",North Chesterfield,Virginia,TNI02295
"SANAIR TECHNOLOGIES LABORATORY, INC.",SYRACUSE,New York,TNI01798
Sangamon County Water Reclamation District,Springfield,Illinois,TNI02546
Sanitation District No 1 Analytical Laboratory,Villa Hills,Kentucky,TNI02247
Sapphire Americas,Chanute,Kansas,TNI01885
Sarasota County Utilities - Pump Station #2 Laboratory,Sarasota,Florida,TNI00555
Sarasota County Utilities - T. Mabry Carlton Water Treatment Plant Laboratory,Venice,Florida,TNI00556
SARATOGA CO SEWER DIS 1,MECHANICVILLE,New York,TNI01494
SC Laboratories Oregon LLC,Tigard,Oregon,TNI02474
SCDPW SANITATION DIVISION LABORATORY,WEST BABYLON,New York,TNI01436
SCHENECTADY (C) WATER LABORATORY,SCHENECTADY,New York,TNI01471
"Schneider Laboratories Global, Inc.",Richmond,Virginia,TNI01693
"Schneider Laboratories Global, Inc.",Richmond,Virginia,TNI02769
"SCIENTIFIC ANALYTICAL INSTITUTE, INC.",GREENSBORO,North Carolina,TNI01850
"Scientific Control Laboratory, Inc.",Chicago,Illinois,TNI02047
"SDK Laboratories, Inc.",Hutchinson,Kansas,TNI01905
SE Utah District Health Department Laboratory,Price,Utah,TNI01995
SEACOAST ANALYTICAL SERVICES LLC (#1733),LEE,New Hampshire,TNI01062
Seacoast Utility Authority - Central Lab,Palm Beach Gardens,Florida,TNI00557
Seminole Electric Cooperative Inc.,Palatka,Florida,TNI02641
"Servi-Tech, Inc",Dodge City,Kansas,TNI01890
"ServiTech, Inc. - Amarillo Location",Amarillo,Texas,TNI00055
SGS AXYS Analytical Services Ltd.,Sidney,British Columbia,TNI00279
"SGS Korea Co., Ltd.",Anyang-si,Not Applicable,TNI02417
SGS NA Mineral Services,Sophia,West Virginia,TNI02513
SGS North America Inc,Huntington,Utah,TNI01996
SGS North America Inc - Scott,Scott,Louisiana,TNI01404
SGS North America Inc - Wilmington NC,Wilmington,North Carolina,TNI00558
SGS North America Inc.  Houston,Houston,Texas,TNI00031
SGS NORTH AMERICA INC. - DAYTON,DAYTON,New Jersey,TNI01283
SGS North America Inc. - Wheat Ridge,Wheat Ridge,Colorado,TNI01950
"SGS NORTH AMERICA, INC.",EAST SYRACUSE,New York,TNI01736
"SGS North America, Inc. - Clovis",Clovis,California,TNI01206
"SGS North America, Inc. - Orlando",Orlando,Florida,TNI00247
SGS Silver State Analytical Laboratories - Reno,Reno,Nevada,TNI02794
"Shale Testing Solutions, LLC",Cadiz,Ohio,TNI02291
"SKG Engineering, LLC",San Angelo,Texas,TNI00047
Snyderville Basin Water Reclamation District,Park City,Utah,TNI01997
SOUTH  CENTER CHAUTAUQUA LAKE SEWER DISTRICT,CELORON,New York,TNI01442
South Bay Environmental Laboratory,Clewiston,Florida,TNI00566
South Central Regional Waste Water Treatment Plant Laboratory,Delray Beach,Florida,TNI02112
South Florida Water Management District Chemistry Laboratory,West Palm Beach,Florida,TNI00567
South Valley Water Reclamation Facility,West Jordan,Utah,TNI01998
South Walton Utility Company Wastewater Treatment Plant,Miramar Beach,Florida,TNI00568
Southeast Environmental Research Center Mercury Laboratory Florida International University,Miami,Florida,TNI00570
Southeastern Minnesota Water Analysis Laboratory,Rochester,Minnesota,TNI01186
SOUTHERN CAYUGA LAKE INTERMUNICIPAL WATER,ITHACA,New York,TNI01522
Southern Nevada Water Authority (SNWA) Water Quality (WQ) Laboratory,Henderson,Nevada,TNI02751
Southern Nevada Water Authority (SNWA) Water Quality (WQ) Laboratory,Henderson,Nevada,TNI02753
"Southern Research Laboratories, Inc.",Altamonte Springs,Florida,TNI00572
Southern Utah University Water Laboratory,Cedar City,Utah,TNI01999
Southwest Florida Water Management District,Brooksville,Florida,TNI00573
Southwest Health and Human Services,Marshall,Minnesota,TNI01079
Southwest Research Institute,San Antonio,Texas,TNI00024
Southwest Utah Public Health Laboratory,St. George,Utah,TNI02252
SPEC LAB LLC,Eugene,Oregon,TNI02896
Specialty Analytical,Clackamas,Oregon,TNI02773
Spectrum laboratories,Layton,Utah,TNI02552
Spheros Environmental,Port Gamble,Washington,TNI02491
Spheros Environmental Group Parent Inc.,Alachua,Florida,TNI00464
SPL - Reading,Reading,Pennsylvania,TNI02148
SPL – Round Rock,Round Rock,Texas,TNI00023
"SPL, Inc – Kilgore",Kilgore,Texas,TNI00014
"SPL, Inc. – Plano",Plano,Texas,TNI00036
"SPL, Inc.-Conroe",Conroe,Texas,TNI00040
Spring Street Analytical Laboratory,Klamath Falls,Oregon,TNI00229
SRN Testing Services,Bartlett,Illinois,TNI02690
St George RWRF Laboratory,St George,Utah,TNI02000
St. Cloud Public Utilities - Water,St Cloud,Minnesota,TNI01086
St. Johns County Utility Department Environmental Laboratory,St. Augustine,Florida,TNI00577
St. Johns River Water Management District,Palatka,Florida,TNI00578
St. Petersburg Environmental Compliance Division Laboratory,St. Petersburg,Florida,TNI00579
State Hygienic Laboratory at The University of Iowa - Ankeny,Ankeny,Iowa,TNI01231
State Hygienic Laboratory at The University of Iowa - Coralville,Coralville,Iowa,TNI01227
State Hygienic Laboratory at The University of Iowa - Lakeside,Milford,Iowa,TNI02235
Sterling Labs (fka Environmental Monitoring and Tech),Des Plaines,Illinois,TNI02029
Sterling Labs (fka STAT Analytical),Chicago,Illinois,TNI00230
"Steven M. Traut Wells, Inc.",Alexandria,Minnesota,TNI01191
"Stillmeadow, Inc.",Sugar Land,Texas,TNI00131
Stock Island Pump Station Lab,Key West,Florida,TNI00435
STRIDE Center for PFAS Solutions,New Castle,Delaware,TNI02750
STRIDE Center for PFAS Solutions,New Castle,Delaware,TNI02752
STURGEON POINT WATER TREATMENT PLANT,DERBY,New York,TNI01545
SUFFOLK CO PUBLIC ENV HEALTH LAB,HAUPPAUGE,New York,TNI01575
SUFFOLK COUNTY WATER AUTHORITY LABORATORY,HAUPPAUGE,New York,TNI01504
Summit County Health Department Laboratory,Coalville,Utah,TNI02001
"Summit Environmental Technologies, Inc. - GA",Haddock,Georgia,TNI00584
"Summit Scientific Services, LLC (VIN 070808322480)",Heber City,Utah,TNI02427
Sunbelt Solomon Laboratory,Decatur,Tennessee,TNI00565
Sunbelt Solomon Laboratory,Solomon,Kansas,TNI01936
Sunbelt Solomon Laboratory - TX,Temple,Texas,TNI02363
SUNY-BROCKPORT LIMNOLOGY LABORATORY,BROCKPORT,New York,TNI02787
Superior National Forest Laboratory,Ely,Minnesota,TNI01149
"SVL Analytical, Inc.",Kellogg,Idaho,TNI00586
Sweetwater - Nolan County Health Department,Sweetwater,Texas,TNI00089
"Symbio Laboratories US, LLC",San Diego,California,TNI02799
Systech Environmental Corporation,Fredonia,Kansas,TNI01896
"Talquin Electric Cooperative, Inc.",Tallahassee,Florida,TNI00587
Tampa Bay Water,Land O'Lakes,Florida,TNI00589
Tampa Electric Company Laboratory Services,Tampa,Florida,TNI00590
Tarrant County Public Health Laboratory,Fort Worth,Texas,TNI00118
TCEQ Air and Emissions Laboratory,Austin,Texas,TNI01406
TCEQ Sugar Land Laboratory,Sugar Land,Texas,TNI01407
"TechLaw, Inc.  ESAT Region 8",Denver,Colorado,TNI02263
Technical Services Laboratory,Hays,Kansas,TNI01900
Technical Testing International dba TTI Environmental Labs,Arlington,Texas,TNI00106
Techtron Environmental Solutions,Anoka,Minnesota,TNI01122
"Teklab, Inc-Bluff Rd",Collinsville,Illinois,TNI01408
"Teklab, Incorporated",Collinsville,Illinois,TNI02051
Teledyne Brown Engineering Environmental Services,Knoxville,Tennessee,TNI01754
"Test,  Inc.",Peru,Illinois,TNI02052
Tetra Tech Inc Ecological Testing Facility,Owings Mills,Maryland,TNI01317
Texas Department of State Health Services / South Texas Laboratory,Harlingen,Texas,TNI00097
Texas Department of State Health Services Laboratory - Austin,Austin,Texas,TNI00082
Texas Institute for Applied Environmental Research (TIAER),Stephenville,Texas,TNI00043
Texas Research Institute for Environmental Studies,Huntsville,Texas,TNI02108
THE LAB,POUND RIDGE,New York,TNI02596
"THE METRO GROUP, INC.",LONG ISLAND CITY,New York,TNI02585
The Texas Water Lab,Waller,Texas,TNI02870
The Village of Palm Springs Water Treatment Plant,Palm Springs,Florida,TNI00344
"The Water Shed Laboratories, Inc.",Deland,Florida,TNI00605
The Water Spigot,Panama City,Florida,TNI00606
Timpanogos Special Service District,American Fork,Utah,TNI02003
Timpview Analytical Laboratories,Orem,Utah,TNI02004
Toho Water Authority Laboratory,Kissimmee,Florida,TNI00607
TONAWANDA (T) WASTEWATER,TONAWANDA,New York,TNI01464
TONAWANDA (T) WATER TREATMENT PLANT,TONAWANDA,New York,TNI01450
Topeka Municipal Wastewater Laboratory,Topeka,Kansas,TNI01940
Topeka Municipal Water Treatment Laboratory,Topeka,Kansas,TNI01939
TOTAL WATER LABORATORIES LLC,CAMDENTON,Missouri,TNI02107
Town of Jupiter Water System,Jupiter,Florida,TNI00609
TOWN OF LEWISTON,LEWISTON,New York,TNI01455
"TOWN OF ORANGETOWN, SEWER DEPARTMENT",ORANGEBURG,New York,TNI01572
TRA RS&C Laboratory,Dallas,Texas,TNI00074
Trace Analytical,Muskegon,Michigan,TNI02768
Traut Water Analysis Lab,St Joseph,Minnesota,TNI01150
TRC ENVIRONMENTAL CORPORATION,WINDSOR,Connecticut,TNI01634
"TRE Environmental Strategies, LLC",Fort Collins,Colorado,TNI00257
Tremonton Waste Water Treatment Plant Laboratory,Tremonton,Utah,TNI02006
Tri-City/William Lloyd Analytical Lab,Bloomington,Minnesota,TNI01130
"Tri-State Laboratory Services, LLC",Pikeville,Kentucky,TNI02240
"Tri-Tech Laboratories, Inc.",Orlando,Florida,TNI00612
TriCounty Health Department Environmental Laboratory,Vernal,Utah,TNI02007
Trinity River Authority Lake Livingston Project Laboratory,Livingston,Texas,TNI00070
TROY (C) PUBLIC UTILITY DEPARTMENT,TROY,New York,TNI01507
TUNXIS LABORATORIES LLC,PLAINVILLE,Connecticut,TNI02528
"Turquoise Analytics, LLC",Traverse City,Michigan,TNI02803
"Twin City Water Clinic, Inc.",Hopkins,Minnesota,TNI01148
"U.S. Region 9 Lab - Corvallis, OR",Corvallis,Oregon,TNI02772
U.S. Water Services Corporation,Marathon,Florida,TNI00614
UC Laboratory,Janesville,Minnesota,TNI01102
UF/IFAS Environmental Quality Laboratory,Gainesville,Florida,TNI00615
UGRA Environmental Laboratory,Kerrville,Texas,TNI00071
Umpqua Research Company,Myrtle Creek,Oregon,TNI00236
Umpqua Research Company (Bend),Bend,Oregon,TNI00237
Umpqua Research Company - Table Rock,Pendleton,Oregon,TNI02231
Universal Laboratories - Hampton,Hampton,Virginia,TNI01262
"UNIVERSITY OF MARYLAND, CBL-NASL",SOLOMONS,Maryland,TNI02477
UNIVERSITY OF NEW HAMPSHIRE STORM WATER CENTER,DURHAM,New Hampshire,TNI02766
University of West Florida Wetlands Research Laboratory,Pensacola,Florida,TNI00619
Upper Leon River Municipal Water District,Comanche,Texas,TNI00161
UPSTATE FRESHWATER INSTITUTE,SYRACUSE,New York,TNI01704
"US Army Corps of Engineers, Far East District",Pyeongtaek,South Korea,TNI01232
"US Ecology Tampa, Inc.",Tampa,Florida,TNI02776
US EPA NATIONAL ANALYTICAL RADIATION ENVIRONMENTAL LAB,MONTGOMERY,Alabama,TNI00241
US EPA/Region 8 Laboratory,Lakewood,Colorado,TNI02153
US SALT LLC,WATKINS GLEN,New York,TNI01578
US Space Force - Cape Canaveral SFS Environmental Laboratory,CCSFS,Florida,TNI00620
USEPA REGION 2 LABORATORY,EDISON,New Jersey,TNI00613
USGS NATIONAL WATER QUALITY LABORATORY,DENVER,Colorado,TNI01740
USGS NEW YORK WATER SCIENCE CENTER,TROY,New York,TNI01861
Utah Public Health Laboratory,Taylorsville,Utah,TNI02771
Utilities Commission New Smyrna Beach Laboratory,New Smyrna Beach,Florida,TNI00621
VAN DE WATER TREATMENT PLANT,TONAWANDA,New York,TNI01719
"VEOLIA NEW YORK, WESTCHESTER LAB",EASTCHESTER,New York,TNI01611
VEOLIA WATER NJ - HAWORTH WATER QUALITY LAB,HAWORTH,New Jersey,TNI01272
VERMONT AGRICULTURE ENVIRONMENTAL LABORATORY,RANDOLPH,Vermont,TNI01069
VERMONT DEPARTMENT OF HEALTH LABORATORY,COLCHESTER,Vermont,TNI01068
VERONA LABORATORY INC,VERONA,New York,TNI01580
Victoria County Public Health Department Water Laboratory,Victoria,Texas,TNI00049
Village of Wellington Water Treatment Laboratory,Wellington,Florida,TNI00623
Volusia County Environmental Management Laboratory,Deland,Florida,TNI02919
Volusia County Environmental Management Laboratory,Deland,Florida,TNI02925
Volusia County Environmental Management Laboratory,Deland,Florida,TNI02931
Volusia County Environmental Management Laboratory,Deland,Florida,TNI02936
Volusia County Environmental Management Laboratory,Deland,Florida,TNI02942
Volusia County Environmental Management Laboratory,Deland,Florida,TNI02947
Volusia County Environmental Management Laboratory,Deland,Florida,TNI02952
Volusia County Environmental Management Laboratory,Deland,Florida,TNI02958
Volusia County Environmental Management Laboratory,Deland,Florida,TNI02969
Volusia County Environmental Management Laboratory,Deland,Florida,TNI02972
Volusia County Environmental Management Laboratory,Deland,Florida,TNI02982
Volusia County Environmental Management Laboratory,Deland,Florida,TNI02989
Volusia County Environmental Management Laboratory,Deland,Florida,TNI02996
Volusia County Environmental Management Laboratory,Deland,Florida,TNI03003
Volusia County Environmental Management Laboratory,Deland,Florida,TNI03012
Volusia County Environmental Management Laboratory,Deland,Florida,TNI03074
Volusia County Environmental Management Laboratory,Deland,Florida,TNI03086
Volusia County Environmental Management Laboratory,Deland,Florida,TNI03094
Volusia County Environmental Management Laboratory,Deland,Florida,TNI03103
Volusia County Environmental Management Laboratory,Deland,Florida,TNI03111
Volusia County Environmental Management Laboratory,Deland,Florida,TNI03119
"Wallgren Environmental Services, Inc. dba Pollution Control Services",Universal City,Texas,TNI00139
WALWORTH WATER POLLUTION CONTROL FAC,WALWORTH,New York,TNI01474
WARDS ISLAND PRIORITY POLLUTANTS LAB- NYCDEP,WARDS ISLAND,New York,TNI01762
WARDS ISLAND PROCESS CONTROL LAB,NEW YORK,New York,TNI01517
Wasatch County Health Department,Heber City,Utah,TNI02698
WASHINGTON CO SEWER DIST 2 STP,FORT EDWARD,New York,TNI01627
Water & Environmental Testing Incorporated,American Fork,Utah,TNI02012
Water District No 1 of Johnson County-WaterOne,Kansas City,Kansas,TNI01907
WATER DYNAMICS LLC DBA MAGIC VALLEY LABS,Twin Falls,Idaho,TNI00220
"Water Laboratories, Inc.",Elk River,Minnesota,TNI01075
Water Quality Assurance Laboratory,Cocoa,Florida,TNI00626
Water Quality Lab University of Tennessee Knoxville,Knoxville,Tennessee,TNI02673
"Water Utility Services, Inc.",Spring,Texas,TNI00094
Waterlab Corp.,Salem,Oregon,TNI00242
WATERLOO WATER TREATMENT PLANT LAB,GENEVA,New York,TNI01680
WATERTOWN (C) WATER PLANT,WATERTOWN,New York,TNI01569
WATERTOWN POLLUTION CONTROL PLANT LABORA,WATERTOWN,New York,TNI01460
WaterWise Enterprises,Oxford,Kansas,TNI02782
Waypoint Analytical,Bremen,Georgia,TNI02512
Waypoint Analytical - Charlotte,Charlotte,North Carolina,TNI03123
"Waypoint Analytical - Florida, Inc.",Lakeland,Florida,TNI02446
Waypoint Analytical LLC,Memphis,Tennessee,TNI00190
Waypoint Analytical Louisiana Inc,Marrero,Louisiana,TNI01368
Waypoint Analytical Mississppi Inc,Ridgeland,Mississippi,TNI01377
"Waypoint Analytical, LLC",Memphis,Tennessee,TNI02632
"Webco Industries Inc, Lyndon",Lyndon,Illinois,TNI02695
Weber Basin Water Quality Laboratory,Layton,Utah,TNI02013
WEBSTER (T) WASTEWATER TREATMENT PLANT,WEBSTER,New York,TNI01542
"Weck Laboratories, Inc.",City of Industry,California,TNI01236
WELLSVILLE WASTEWATER TRMT PLANT,WELLSVILLE,New York,TNI01444
WESTCHESTER CO LABS AND RESEARCH,VALHALLA,New York,TNI01443
Western Environmental Testing Lab - Las Vegas,Las Vegas,Nevada,TNI02824
Western Environmental Testing Lab - Sparks,Sparks,Nevada,TNI02825
Weston Solutions,Auburn,Alabama,TNI01416
WestRock Analytical Services Laboratory,Miamisburg,Ohio,TNI01394
"WestRock CP, LLC",Fernandina Beach,Florida,TNI00564
Wetland Biogeochemistry Laboratory,Gainesville,Florida,TNI02693
"White Springs Agricultural Chemicals, Inc.",White Springs,Florida,TNI00627
White Water Associates Laboratory,Amasa,Michigan,TNI03062
Wichita Falls - Wichita County Public Health District Laboratory,Wichita Falls,Texas,TNI00132
Wichita Municipal Water & Wastewater Laboratory,Wichita,Kansas,TNI01942
Wichita Sewage Treatment Division Laboratory,Wichita,Kansas,TNI01943
Will County Health Dept. - Environ. Health Lab.,Joliet,Illinois,TNI02056
"Willoughby & Associates, Inc.",Forest,Virginia,TNI02186
"Willow Lake Laboratory, City of Salem",Salem,Oregon,TNI00243
Winfield Municipal Water-Wastewater Laboratory,Winfield,Kansas,TNI01944
WISCONSIN STATE LABORATORY OF HYGIENE,MADISON,Wisconsin,TNI00629
Worthington Public Utilities Laboratory,Worthington,Minnesota,TNI01110
Wright County,Buffalo,Minnesota,TNI02844
Xcel Energy - Amarillo Testing Laboratory,Amarillo,Texas,TNI00130
Xcel Energy - Denver Testing Laboratory,Henderson,Colorado,TNI00179
"Xcel Energy, Inc., Minneapolis Testing Laboratory",Minneapolis,Minnesota,TNI01164
YORKTOWN MEDICAL LABORATORY INC,YORKTOWN HEIGHTS,New York,TNI01510
