company_name,cik,source_record_id,address_street,address_city,address_state,address_zip,address_country,source_name,website_url,contact_name,contact_email,phone,notes
"TRANSCHROMIX, LLC.",,1R41DA064241-01,,Chapel Hill,NC,275141859,,NIH RePORTER API,,Xian  Chen,,,
"PETCOIL, INC.",,1R43DE035410-01,,Sunnyvale,CA,94085,,NIH RePORTER API,,Chenming  Chang,,,
BIOSYFT INC.,,1R41DA064482-01,,Seattle,WA,981027017,,NIH RePORTER API,,Anthony Edward English,,,
"SKM INSTRUMENTS, LLC",,1R43DA064718-01,,Laramie,WY,82070,,NIH RePORTER API,,Keith  Carron,,,
QUINTERO & KONTOPOULOS PLLC,,1R43DK146580-01,,Coral Gables,FL,331461515,,NIH RePORTER API,,Ruben  Quintero,,,
"CMTX BIOTECH, INC.",,1R41DK143771-01A1,,Kings Park,NY,117541747,,NIH RePORTER API,,Lori A Birder,,,
BIOTA INC.,,1R43ES038797-01,,Fort Collins,CO,805243011,,NIH RePORTER API,,Rose T Byrne-Nash,,,
"CELDARA MEDICAL, LLC",,1R43TR006062-01A1,,Lebanon,NH,037661441,,NIH RePORTER API,,Joana M Murad,,,
"AIGENE, INC.",,1R43TR005928-01A1,,Aurora,CO,800457335,,NIH RePORTER API,,Floyd  Taub,,,
"POTOMAC AFFINITY PROTEINS, LLC",,1R43GM159468-01A1,,North Potomac,MD,208782566,,NIH RePORTER API,,Philip N Bryan,,,
"ADAMAS NANOTECHNOLOGIES, INC.",,1R43GM165231-01,,Raleigh,NC,276177300,,NIH RePORTER API,,Nicholas  Nunn,,,
NEFER KA LLC,,1R43DA064773-01,,Newton Lower Falls,MA,024621317,,NIH RePORTER API,,Magued  Nasr,,,
ALPACURE LLC,,1R43AI191918-01A1,,Portland,OR,972162028,,NIH RePORTER API,,Timothy Andrew Bates,,,
AI SOLUTIONS 87 LLC,,1R43ES038793-01,,West Bend,WI,530959295,,NIH RePORTER API,,Gregory Paul Behm,,,
"INVIZYNE TECHNOLOGIES, INC.",,2R44GM159516-05A1,,Monrovia,CA,910166357,,NIH RePORTER API,,Tyler P Korman,,,
"TALUS BIOSCIENCE, INC.",,1R44TR005930-01A1,,Seattle,WA,98122,,NIH RePORTER API,,William Ellis Fondrie,,,
HERE & NOW SYSTEMS LLC,,1R43AA031938-01A1,,Anchorage,AK,995044730,,NIH RePORTER API,,Patrick  Dulin,,,
SCIENTIFIC HORIZONS CONSULTING LLC,,1R43DA065300-01,,Irvine,CA,926173231,,NIH RePORTER API,,Xiang  Gao,,,
"IASO THERAPEUTICS, INC.",,1R43AI197624-01,,East Lansing,MI,488235606,,NIH RePORTER API,,Herbert Wanjala Kavunja,,,
"MB RESEARCH LABORATORIES, INC.",,1R43ES038438-01,,Spinnerstown,PA,189680178,,NIH RePORTER API,,George L. Degeorge,,,
CYTOTERRA INC.,,1R44TR005899-01A1,,Seattle,WA,98102,,NIH RePORTER API,,Stephen Matthew Eacker,,,
"SOLLUS THERAPEUTICS, INC.",,1R41TR006357-01,,Chapel Hill,NC,275164701,,NIH RePORTER API,,Joshua  Black,,,
METRICS WATER CATALYST LLC,,1R43ES038809-01,,Carefree,AZ,853774363,,NIH RePORTER API,,Ali  Shambayati,,,
JAVELIN BIOTECH,,1R43TR005374-01A1,,Woburn,MA,01801,,NIH RePORTER API,,Murat  Cirit,,,
BEHAVIOR CHANGE HUB LIMITED LIABILITY COMPANY,,1R42AA033287-01,,Boston,MA,02134,,NIH RePORTER API,,Molly  Magill,,,
"AUSPEX MEDIX, LLC",,1R43DC023170-01A1,,Williamsville,NY,142218501,,NIH RePORTER API,,Wei  Bo,,,
"GOEPPERT, LLC",,1R43TR006093-01A1,,Philadelphia,PA,191031343,,NIH RePORTER API,,Yan  Zubo,,,
"AMELIA TECHNOLOGIES, LLC",,1R44ES038434-01,,Washington,DC,20001,,NIH RePORTER API,,Brian  Ell,,,
"SANSIMEON, INC",,1R44GM163418-01,,Fremont,CA,945551300,,NIH RePORTER API,,Philipp Stefan Spuhler,,,
"PSYCHOGENICS, INC.",,1R43DA061847-01A1,,Paramus,NJ,07652,,NIH RePORTER API,,Jodi Ellen Gresack,,,
DORO MIND INC.,,1R43DA064245-01,,Albany,NY,122072922,,NIH RePORTER API,,Stephanie Morgan Greer,,,
"PARABON NANOLABS, INC.",,1R43AI192177-01A1,,Reston,VA,201905227,,NIH RePORTER API,,Janet  Cady,,,
"PROTEOVISTA, LLC",,1R43GM163471-01,,Madison,WI,537191266,,NIH RePORTER API,,Mary Szatkowski Ozers,,,
LC ACQUISITION LLC,,1R43DA064719-01,,Dallas,TX,752156857,,NIH RePORTER API,,Milton L. Lee,,,
PILLSMART INC.,,1R43DA065414-01,,Brooklyn,NY,112012696,,NIH RePORTER API,,Sivabalaji  Kaliamurthy,,,
EDI THERAPEUTICS LLC,,1R41DA064269-01,,Rochester,NY,146420001,,NIH RePORTER API,,Martin  Graham,,,
"GLIMPSE DIAGNOSTICS, INC.",,1R43DC023832-01,,Minneapolis,MN,554131037,,NIH RePORTER API,,Courtney  Hill,,,
"VIROGENOMICS BIODEVELOPMENT, INC.",,1R41DA064189-01,,Tigard,OR,972232300,,NIH RePORTER API,,Renee Lynn Shirley,,,
"THRIVE GENETICS, INC",,1R41DA062382-01,,Newtown Square,PA,19073,,NIH RePORTER API,,Danielle M Dick,,,
"PRAEVENTIX, LLC",,1R43DA064569-01,,Exton,PA,193411139,,NIH RePORTER API,,Benjamin  Blass,,,
TIBBLING TECHNOLOGIES LLC,,1R43DA064222-01,,Redmond,WA,980525727,,NIH RePORTER API,,Asim  Iqbal,,,
"VELAKOR BIOTHERAPEUTICS, INC.",,1R44HL182393-01,,New York,NY,100031502,,NIH RePORTER API,,Kfir  Umansky,,,
ADVANCED VIROLOGY INC.,,1R43IP001282-01,,Athens,OH,457011565,,NIH RePORTER API,,Nishank  Bhalla,,,
XR NAVIGATION INC.,,1R44EY036316-01A1,,Gilroy,CA,950203005,,NIH RePORTER API,,Brandon  Biggs,,,
"FOOD ENTERPRISE SOLUTIONS, LLC",,1R43FD008553-01,,Springfield,VA,221512708,,NIH RePORTER API,,Russell Martin Webster,,,
HAWAI'I INNOVATION INC.,,6R43OH012845-01M003,,Honolulu,HI,968221862,,NIH RePORTER API,,Arif  Rahman,,,
APTUS BIOSCIENCES LLC,,1R43PS005315-01,,Alachua,FL,326156837,,NIH RePORTER API,,Bharat  Gawande,,,
"BLUEBIRD PHOTONICS, INC",,1R43EY038160-01,,Wayland,MA,017783824,,NIH RePORTER API,,Jongyoon  Joo,,,
"NANOHMICS, INC.",,2R44CK000679-02A1,,Austin,TX,787417510,,NIH RePORTER API,,John  Bruno,,,
"INTERLINK ELECTRONICS, INC",,1R43FD008554-01,,Irvine,CA,926182870,,NIH RePORTER API,,Mel  Findlay,,,
ARETE BIOSCIENCES,,1R43PS005313-01,,Chicago,IL,606544342,,NIH RePORTER API,,Sujit  Jangam,,,
"QUANTUMBIO, INC.",,1R44GM163476-01,,State College,PA,168012600,,NIH RePORTER API,,Lance M Westerhoff,,,
"KURIA THERAPEUTICS, INC",,1R44EY038121-01,,Little Rock,AR,722073706,,NIH RePORTER API,,Keith W Ward,,,
"SEACOAST SCIENCE, INC.",,2R44OH012498-02,,Carlsbad,CA,920111508,,NIH RePORTER API,,Sanjay V Patel,,,
"ADVANCED COOLING TECHNOLOGIES, INC.",,2R44FD007709-02,,Lancaster,PA,176015606,,NIH RePORTER API,,Prawal  Agarwal,,,
PACE DIAGNOSTICS,,1R43JG000003-01A1,,Monrovia,CA,910164838,,NIH RePORTER API,,Hiep-Hoa  Nguyen,,,
"ESPER BIOSCIENCES, INC.",,1R43PS005314-01,,Ithaca,NY,148503608,,NIH RePORTER API,,Jonathan  Alden,,,
"NEOVASCULARX, INC",,1R43EY038159-01,,San Jose,CA,94110,,NIH RePORTER API,,Hiroaki  Serizawa,,,
"CHROMOLOGIC, LLC",,1R43OH012965-01A1,,Monrovia,CA,910164244,,NIH RePORTER API,,Dmitriy V Zhukov,,,
"LO BIOSCIENCES, INC.",,2R44PS005271-02,,Rockville,MD,208522176,,NIH RePORTER API,,Maria De Los Angeles Jaime,,,
"REVBIO, INC.",,1R44AG097243-01,,Lowell,MA,018543643,,NIH RePORTER API,,Brittany  Mcdonough,,,
KOMMODO HOLDINGS CORP.,,1R41AI184248-01A1,,Shoreview,MN,551264812,,NIH RePORTER API,,Nicole J. Shirkey-Son,,,
"EYSZ, INC.",,1R44NR021881-01A1,,Berkeley,CA,94705,,NIH RePORTER API,,Rachel  Kuperman,,,
"RENOVATE BIOSCIENCES, INC.",,1R43DK142463-01,,Reisterstown,MD,211363827,,NIH RePORTER API,,Park  Kieun,,,
"SHASQI, INC.",,1R44CA306491-01,,San Francisco,CA,941072285,,NIH RePORTER API,,Jesse Mischa Mcfarland,,,
"MESA SCIENCE ASSOCIATES, INC.",,1R44AI191943-01,,Frederick,MD,21703,,NIH RePORTER API,,Gerry R Boss,,,
"SYNTR HEALTH TECHNOLOGIES, LLC",,2R44TR004975-02A1,,Irvine,CA,926170000,,NIH RePORTER API,,Ahmed Nabil Zobi,,,
"VIVA VIRAL VACCINES, INC.",,1R41AI195180-01,,Ithaca,NY,148505627,,NIH RePORTER API,,David William Buchholz,,,
"WYNNVISION, LLC",,1R44NS139774-01A1,,Richmond,VA,232191551,,NIH RePORTER API,,Carolyn A Harris,,,
"QUANT, INC.",,9R44MH144704-02A1,,Edmonds,WA,980206618,,NIH RePORTER API,,Larry  Pierce,,,
SPHERIC BIO INC,,1R43HL180201-01,,Wilmington,DE,19801,,NIH RePORTER API,,Connor  Verheyen,,,
NANOCAN THERAPEUTICS CORPORATION,,2R42CA268623-02,,Princeton,NJ,085406235,,NIH RePORTER API,,Kai  Ding,,,
"LUNA BIOSCIENCE, INC.",,1R41AI188742-01A1,,Westport,CT,068802913,,NIH RePORTER API,,Carla Ellen Devillers,,,
"NEUROLUX, INC.",,1R43MH143569-01,,Champaign,IL,618207460,,NIH RePORTER API,,Cameron  Good,,,
LYBRA BIO INC.,,1R43AI194889-01,,Allston,MA,021341008,,NIH RePORTER API,,Nuria  Puigmal,,,
"ZENVAX, LLC",,1R41AI188656-01,,Helotes,TX,78023,,NIH RePORTER API,,Guoquan  Zhang,,,
"VENA VITALS, INC.",,1R43HL180283-01,,Irvine,CA,926173206,,NIH RePORTER API,,Joshua  Kim,,,
"PARAMITA THERAPEUTICS, INC.",,1R43CA306207-01,,San Diego,CA,921114818,,NIH RePORTER API,,Sang  Van,,,
"ORPRO THERAPEUTICS, INC.",,1R41HL180185-01A1,,San Diego,CA,921211126,,NIH RePORTER API,,Peter B Heifetz,,,
"PRODIGY BIOTECH, INC.",,1R41AI191973-01,,West Chester,PA,193821982,,NIH RePORTER API,,Satishchandran  Chandrasekhar,,,
"VISHENARY, LLC",,1R41AI188733-01A1,,Hockessin,DE,197072211,,NIH RePORTER API,,Brian  Akerley,,,
SPIRIFY PHARMA INC,,1R41NS145804-01,,Naples,FL,341081852,,NIH RePORTER API,,Lawrence R Toll,,,
"MATRISOME BIO, INC.",,1R44CA298532-01A1,,Cambridge,MA,02139,,NIH RePORTER API,,Noor  Jailkhani,,,
"INNOVATIVE DESIGN LABS, INC.",,1R44MD020606-01,,Minneapolis,MN,554144497,,NIH RePORTER API,,John Paul Condon,,,
RESPIRERX PHARMACEUTICALS INC.,,1R44NS143576-01,,Glen Rock,NJ,074521796,,NIH RePORTER API,,Rok  Cerne,,,
ANEKABIO LLC,,1R41NS143585-01,,Gainesville,FL,326080036,,NIH RePORTER API,,Vijayendran  Chandran,,,
"L2 DIAGNOSTICS, LLC",,1R41AI188982-01A1,,New Haven,CT,065300175,,NIH RePORTER API,,Alejandro  Marin Lopez,,,
"GATEWAY BIO, INC.",,1R41AI181391-01A1,,Durham,NC,277122982,,NIH RePORTER API,,Ashutosh  Chilkoti,,,
AMIRA HEALTH INC.,,1R43AG087901-01A1,,South San Francisco,CA,94080,,NIH RePORTER API,,Emilio  Sison,,,
CAREYAYA HEALTH TECHNOLOGIES INC,,1R43AG094339-01,,Research Triangle Park,NC,27709,,NIH RePORTER API,,Neal Kamal Shah,,,
NEST GENOMICS,,1R41HG014454-01,,Albany,CA,947062020,,NIH RePORTER API,,Lisa L Shah,,,
"NOVOMEDIX, INC.",,1R43AR086064-01,,San Diego,CA,92126,,NIH RePORTER API,,Luis  Marrero,,,
"SACYL PHARMACEUTICALS, INC.",,1R43HD120055-01,,Old Greenwich,CT,068701406,,NIH RePORTER API,,Gregory S. Kopf,,,
"RIDGELINE THERAPEUTICS, LLC",,1R44AG092210-01A1,,Houston,TX,770052822,,NIH RePORTER API,,Harshini  Neelakantan,,,
"JANUSQ, LLC",,1R43AG097351-01,,Rocky River,OH,441162055,,NIH RePORTER API,,Andrew Loring Schilb,,,
"EXQOR TECHNOLOGIES, INC.",,1R44AG090240-01A1,,Boston,MA,021142818,,NIH RePORTER API,,Gordana D. Vitaliano,,,
"SINOPIA BIOSCIENCES, INC.",,1R43CA295316-01A1,,San Diego,CA,92121,,NIH RePORTER API,,Bernard  Bloem,,,
"HEALTHY DESIGN, LTD. CO.",,1R44AG097237-01,,Rutland,VT,057014010,,NIH RePORTER API,,Marie T Pavini,,,
"PERSISTENCE THERAPEUTICS, INC.",,1R44CA310319-01,,Chapel Hill,NC,275162506,,NIH RePORTER API,,Pritha  Agarwalla,,,
SEEINME INC,,1R43AG090142-01A1,,Lees Summit,MO,640824085,,NIH RePORTER API,,Risa  Stein,,,
"CYTOAGENTS, INC.",,1R44CA295189-01A1,,Pittsburgh,PA,152032116,,NIH RePORTER API,,Arthur P Bertolino,,,
ENRECTEC LLC,,1R41AG094359-01,,Sioux Falls,SD,571064580,,NIH RePORTER API,,Samuel Newton Sathyanesan,,,
"EMPOWERX, INC.",,1R44MH142152-01,,Del Mar,CA,92014,,NIH RePORTER API,,Jenny Leigh Newlon,,,
"MICROBIOTIX, INC",,1R41AI195240-01,,Worcester,MA,016054307,,NIH RePORTER API,,Timothy J. Opperman,,,
"JERICHO SCIENCES, LLC",,1R41AI195177-01,,Springfield,VA,220392410,,NIH RePORTER API,,Haitao  Guo,,,
"RAREFIED BIOSCIENCES, INC.",,1R43AI189037-01A1,,Santa Monica,CA,904033209,,NIH RePORTER API,,Andrew  Hou,,,
PANLUMINATE INC.,,1R43AG092073-01,,New Haven,CT,065115614,,NIH RePORTER API,,Ons  M'Saad,,,
"RENEUROGEN, LLC",,1R44HL178153-01,,Elm Grove,WI,531221235,,NIH RePORTER API,,Stephen  Naylor,,,
"NATSAR PHARMACEUTICALS, INC.",,1R44CA295155-01A1,,Ellicott City,MD,210436762,,NIH RePORTER API,,Dominic A Ventura,,,
TURING MEDICAL TECHNOLOGIES INC,,1R44AG097349-01,,Saint Louis,MO,631081289,,NIH RePORTER API,,Kevin  King,,,
"NUVOX PHARMA, LLC",,1R44CA298498-01A1,,Tucson,AZ,857196803,,NIH RePORTER API,,Katherine  Havranek,,,
"REELIN THERAPEUTICS, INC.",,1R41AG094356-01A1,,San Diego,CA,921305611,,NIH RePORTER API,,Laurent  Calvier,,,
"BELLAGE, INC.",,1R44AG097241-01,,Sunnyside,NY,111041408,,NIH RePORTER API,,Diana  Yin,,,
"TRANSLUCENCE BIOSYSTEMS, INC.",,1R44AG090130-01A1,,Irvine,CA,92617,,NIH RePORTER API,,Damian G. Wheeler,,,
"BRAINCHECK, INC.",,1R43AG094410-01A1,,Austin,TX,78702,,NIH RePORTER API,,Bin  Huang,,,
"ADVANTAGE THERAPEUTICS, INC",,5R44AG091827-02,,Miami,FL,331372915,,NIH RePORTER API,,Carmela R Abraham,,,
"EPICYPHER, INC.",,5R44AG091990-02,,Research Triangle Park,NC,277090003,,NIH RePORTER API,,Sabrina Robin Hunt,,,
AQUALUNG THERAPEUTICS CORP.,,1R41HL180035-01,,Juno Beach,FL,33408,,NIH RePORTER API,,Stanley  Miele,,,
APPLIED UNIVERSAL DYNAMICS CORPORATION,,1R43AG094443-01,,Loretto,MN,553579536,,NIH RePORTER API,,Paul  Gibson,,,
"GENERAL BIOLOGICS, INC.",,1R43HL176305-01A1,,Cambridge,MA,021386805,,NIH RePORTER API,,Robert Rogers Yocum,,,
POSIT SCIENCE CORPORATION,,1R44AG094520-01,,San Francisco,CA,941115513,,NIH RePORTER API,,Mouna  Attarha,,,
"CAREVIRTUE TECHNOLOGIES, INC.",,1R44AG097384-01,,Dover,DE,199046506,,NIH RePORTER API,,Christian  Elliott,,,
SYNVEST IMAGING INC.,,1R41AG097311-01,,Chapel Hill,NC,275147103,,NIH RePORTER API,,Zhengxin  Cai,,,
"HIDO TECHNOLOGIES, INC.",,1R44AG097250-01,,El Dorado Hills,CA,957623970,,NIH RePORTER API,,Timothy  Cutler,,,
"PHOTOZIG, INC.",,1R44AG094463-01A1,,Campbell,CA,950085570,,NIH RePORTER API,,Bruno  Kajiyama,,,
"ALPHAMEMORY, LLC",,1R41AG092199-01,,Latham,NY,121105522,,NIH RePORTER API,,Chunyu  Wang,,,
"STORII, INC.",,1R44AG097382-01,,San Mateo,CA,944021506,,NIH RePORTER API,,Cameron  Graham,,,
"S-3 RESEARCH, LLC",,1R43AG091831-01A1,,San Diego,CA,92123,,NIH RePORTER API,,Timothy Ken Mackey,,,
"BOOKLILLICARES, LLC",,1R43AG097252-01,,Portsmouth,RI,028713508,,NIH RePORTER API,,Sarah Bergman Nadimpalli,,,
"CARE PROGRESS, LLC",,1R43HG014149-01,,Bethesda,MD,20815,,NIH RePORTER API,,Howard  Isenstein,,,
ONE HEALTH STUDIO LLC,,1R44AG097057-01,,San Francisco,CA,941341437,,NIH RePORTER API,,Jin  Lee,,,
"AIVOCODE, LLP",,1R44AG097127-01,,Encinitas,CA,920244931,,NIH RePORTER API,,Sazid  Hussain,,,
ZINNIA TECHNOLOGIES INC.,,1R41AG087819-01A1,,Winnetka,IL,600934230,,NIH RePORTER API,,Allyson  Schrier,,,
"OSCILLOSCAPE, LLC",,1R43AG092067-01,,East Hartford,CT,061083261,,NIH RePORTER API,,Edward W Large,,,
"OLEOLIVE, INC.",,1R41HL180136-01,,Shreveport,LA,71103,,NIH RePORTER API,,James  Cardelli,,,
"CELLSIGHT TECHNOLOGIES, INC.",,1R44AG094397-01,,San Francisco,CA,941079107,,NIH RePORTER API,,Jelena  Levi,,,
VIEWMIND INC,,1R43AG097131-01,,Alpine,NJ,076208404,,NIH RePORTER API,,Gerardo  Fernandez,,,
"TRU DIAGNOSTICS, INC.",,1R43AG097165-01,,Lexington,KY,405032748,,NIH RePORTER API,,Varun Bhamidipati Dwaraka,,,
"PANORAMA RESEARCH, INC.",,1R43AG097164-01,,Sunnyvale,CA,940891202,,NIH RePORTER API,,James W Larrick,,,
"VASOPTIC MEDICAL, INC.",,1R41AG091877-01A1,,Baltimore,MD,212305283,,NIH RePORTER API,,Abhishek  Rege,,,
ARTIAM BIO INC.,,1R41AG090138-01A1,,Cary,NC,275132754,,NIH RePORTER API,,Rachel S Knipe,,,
"JAAN BIOTHERAPEUTICS, INC.",,1R44HL180034-01A1,,San Diego,CA,921216204,,NIH RePORTER API,,Bhawanjit K Brar,,,
"DABBLE HEALTH, INC.",,1R43AG097223-01,,Newark,CA,945601520,,NIH RePORTER API,,Lawrence  Chernin,,,
"PROACTIVE LIFE, INC.",,1R43AG097205-01,,Fairfax,VA,220311831,,NIH RePORTER API,,Daniel  Gartenberg,,,
"VIRSCIO, INC.",,1R43AG087835-01A1,,New Haven,CT,065111963,,NIH RePORTER API,,John D Elsworth,,,
"GLIAL THERAPEUTICS, LLC",,1R41AG092194-01A1,,Boston,MA,021156128,,NIH RePORTER API,,Thomas Darmody Arnold,,,
"ACTIVE MOTIF, INC.",,1R43HG014420-01,,Carlsbad,CA,920086509,,NIH RePORTER API,,Brian Stanley Egan,,,
"INDEPENDENT FEEDING DEVICE, LLC",,1R41AG092186-01A1,,Jacksonville,FL,322566948,,NIH RePORTER API,,Jonathan Paul Dekar,,,
"TAUVISION, INC.",,1R42AG097309-01,,Concord,MA,017422043,,NIH RePORTER API,,Rachel Elise Bennett,,,
AVERTO MEDICAL INC,,1R44DK143876-01,,Fremont,CA,94539,,NIH RePORTER API,,Kenton Dodyan Fong,,,
HELICAL BIOSCIENCES LLC,,1R41NS145857-01,,Saint Louis,MO,63110,,NIH RePORTER API,,Paul T Kotzbauer,,,
"GLYCYX MOR, INC.",,1R44CA306565-01,,San Francisco,CA,941212028,,NIH RePORTER API,,Lorin K Johnson,,,
"SALUS DISCOVERY, LLC",,4R44AI184104-02,,Madison,WI,537034222,,NIH RePORTER API,,Cody  Carrell,,,
"O2M TECHNOLOGIES, LLC",,1R44CA302113-01A1,,Chicago,IL,606123738,,NIH RePORTER API,,Boris  Epel,,,
"PENDERIA TECHNOLOGIES, INC.",,1R43AR086046-01,,Eugene,OR,974036205,,NIH RePORTER API,,Kylie E Williams,,,
"EVOQ THERAPEUTICS, INC.",,1R44AI192013-01,,Ann Arbor,MI,481095001,,NIH RePORTER API,,Weston  Daniel,,,
"BEDROCK THERAPEUTICS, INC.",,1R41AR086050-01A1,,Chapel Hill,NC,275143621,,NIH RePORTER API,,Chengwen  Li,,,
"SEAK THERAPEUTICS, LLC",,1R41CA310186-01,,Memphis,TN,38163,,NIH RePORTER API,,Wei  Li,,,
"IN VIVO MICROSYSTEMS TECHNOLOGIES, LLC",,1R44DK143865-01,,Ann Arbor,MI,481039486,,NIH RePORTER API,,Elaine  Brady,,,
"FLEX ORTHOPAEDICS, INC.",,1R41AR086074-01,,Calabasas,CA,913012306,,NIH RePORTER API,,Brandon  Peterson,,,
"RIPPLE BIOSCIENCES, LLC",,1R41HD118840-01A1,,Grosse Pointe Park,MI,482301818,,NIH RePORTER API,,J. Richard  Pilsner,,,
"PROKARYOTICS, INC.",,1R44AI188848-01A1,,Union,NJ,070837133,,NIH RePORTER API,,Terry  Roemer,,,
"NAVIGATION SCIENCES, INC.",,1R41CA306611-01,,Brookline,MA,024454167,,NIH RePORTER API,,Jayender  Jagadeesan,,,
"LIFEPHARMS, INC.",,1R43AI188858-01,,New London,CT,063204930,,NIH RePORTER API,,Esteban Edward Mena,,,
"KDH RESEARCH AND COMMUNICATION, INC.",,1R43MD018555-01A1,,Atlanta,GA,30309,,NIH RePORTER API,,Mary S Dolan,,,
"FUSION ENERGY SOLUTIONS, INC. D/B/A SERVA ENERGY",,1R44CA295134-01A1,,Tempe,AZ,852821923,,NIH RePORTER API,,Ian  Horvath,,,
PEARL SCIENTIFIC LLC,,1R41CA306717-01,,Denver,CO,802201233,,NIH RePORTER API,,Traci  Lyons,,,
"NIGHTSTAR BIOTECHNOLOGIES, INC",,1R41CA302099-01A1,,Houston,TX,770023168,,NIH RePORTER API,,Tao  Wang,,,
RUSH RIVER RESEARCH CORPORATION,,2R44MD018239-02A1,,Ellsworth,WI,540115807,,NIH RePORTER API,,Julie  Lundstrom,,,
"VIA THERAPEUTICS, LLC",,1R41AI195081-01,,Austin,TX,787501504,,NIH RePORTER API,,Zachary N Warnken,,,
"NAVEGA THERAPEUTICS, INC.",,1R43AR086088-01A1,,San Diego,CA,921211126,,NIH RePORTER API,,Yanmei  Qi,,,
"AEROCYTEK, INC.",,1R43CA298530-01,,San Diego,CA,921272139,,NIH RePORTER API,,Yu-Tsueng  Liu,,,
"BIOTEX, INC.",,1R44CA302219-01,,Houston,TX,770451507,,NIH RePORTER API,,Ashok  Gowda,,,
"INTRA THERAPEUTICS, LLC",,1R41CA306678-01,,Cary,NC,275197713,,NIH RePORTER API,,David  Zaharoff,,,
POPCOM HEALTH INC,,1R41MD020611-01A1,,Medford,MA,021554402,,NIH RePORTER API,,May May  Leung,,,
SAFEGUARD SURGICAL LLC,,1R43CA306785-01,,Tampa,FL,336062908,,NIH RePORTER API,,Scott  Kelley,,,
AMAHEALTH LLC,,1R41HD117576-01A1,,Tucson,AZ,857498113,,NIH RePORTER API,,Chinmai  Basavaraj,,,
"WATERSHED MEDICAL, INC",,1R43DK143818-01,,Bellevue,WA,980043432,,NIH RePORTER API,,Christopher  Kinsella,,,
MAE HEALTH INC,,1R43MD020238-01A1,,Brooklyn,NY,112382209,,NIH RePORTER API,,Courtney  Webster,,,
"MICROVASCULAR TISSUES, INC.",,1R43DK142592-01A1,,Jamaica Plain,MA,021302711,,NIH RePORTER API,,Douglas  Arm,,,
