company_name,cik,source_record_id,address_street,address_city,address_state,address_zip,address_country,source_name,website_url,contact_name,contact_email,phone,notes,company_status,stage,one_liner
Ginkgo Bioworks,,729,,Boston,MA,,USA,ycombinator,http://ginkgobioworks.com,,,,Ginkgo Bioworks is the organism company. We design custom organisms for customers across multiple markets. We build our foundries to scale the process of organism engineering using software and hardware automation. Organism engineers at Ginkgo learn from nature to develop new organisms that replace technology with biology.,Public,Growth,Our mission is to make biology easier to engineer.
Pardes Biosciences,,22111,,San Francisco,CA,,USA,ycombinator,http://www.pardesbio.com,,,,We make oral drugs to treat and prevent viral infections - like COVID-19.,Public,Early,We break viruses
Verge Genomics,,902,,San Francisco,CA,,USA,ycombinator,http://vergegenomics.com,,,,"Verge uses artificial intelligence and human data to develop better drugs faster. Verge has an end-to-end technology-driven drug discovery and development platform, featuring one of the field’s largest and most comprehensive proprietary patient genomics datasets from human tissue. Verge uses machine learning to mine this data and develops these insights into new drugs using it’s human-centric biology and chemistry platforms.",Active,Growth,We use human data and AI to develop better drugs faster.
Shasqi,,857,,San Francisco,CA,,USA,ycombinator,https://www.ycombinator.com/companies/shasqi,,,,"Shasqi is leading the development of therapeutics leveraging click chemistry to get active cancer treatments to tumors with its proprietary CAPAC™ platform. Our technology is based on localizing a click chemistry reagent in the tumor area, which then activates a second agent, a systemically infused protodrug. When the two 'click', a powerful localized therapy is activated at the tumor, while keeping its systemic exposure levels below toxic thresholds.",Active,Growth,Targeting Cancer with Click Chemistry
Industrial Microbes,,813,,San Francisco,CA,,USA,ycombinator,http://imicrobes.com,,,,"At iMicrobes, we believe there are opportunities for biology to solve our biggest problems.  Our mission is to work with the world’s largest companies to use new raw materials and recycle waste for chemical production, polymers, agriculture, and space exploration.",Active,Early,We design and build microbes to make chemicals greener at lower cost.
Numerion Labs,,756,,San Francisco,CA,,USA,ycombinator,https://www.numerionlabs.ai,,,,"Numerion Labs is an AI-native company accelerating the discovery of life-saving medicines through the development and use of cutting-edge machine learning algorithms. The company unites computational chemistry, structural biology, and medicinal chemistry to pioneer the next generation of AI-driven drug discovery platforms.",Active,Growth,Artificial intelligence for drug discovery.
Gamgee,,33016,,San Francisco,CA,,USA,ycombinator,https://gamgee.io/,,,,"​Gamgee began with Rosie, founder Paul Conyngham’s dog. After surgery, chemotherapy and immunotherapy failed, Rosie was given months to live. Paul used AI and genomic analysis to identify targets in her tumour, then worked with scientists at UNSW to produce what is believed to be the first fully computationally designed mRNA cancer vaccine delivered to a dog. Following treatment, several tumours shrank significantly and her quality of life improved

Gamgee is building an end to end platform for personalised mRNA cancer vaccines for dogs. We sequence a dog’s tumour and healthy DNA, identify mutations unique to its cancer, and design a vaccine that teaches the immune system what to attack. We manage the entire process- from vet intake and tissue collection through genomic analysis, vaccine production, treatment and response monitoring

​We are now turning that one off effort into a repeatable clinical system. Gamgee is running clinical trials in Australia, working with vets, oncologists and specialised laboratories, and accepting cases globally. Our goal is to make personalised cancer treatment accessible to every dog that needs it- and use each case to improve the treatment for the next",Active,Early,Scalable Personalised Cancer Treatment
TareBio,,32587,,San Francisco,CA,,USA,ycombinator,https://tarebio.com/,,,,"Our platform develops personalized or population-level vaccines for any disease in weeks by changing only one input: the immune imprint. Instead of trying to predict which antigens might work, we read out immune cells already fighting the disease in the body and reverse-engineer antigens that activate them. We've already run our platform end-to-end and created a vaccine that cured cancer in mice.",Active,Early,Vaccines for any cancer or infection in weeks.
Rasyn,,32261,,San Francisco,CA,,USA,ycombinator,https://www.rasyn.ai/,,,,,Active,Early,Towards a General Intelligence for Chemistry
Atlas Discovery,,31532,,San Francisco,CA,,USA,ycombinator,https://atlasdiscovery.bio,,,,,Active,Early,Predicting human response to drugs in clinical trials
AbInitio Bio,,31484,,Boston,MA,,USA,ycombinator,https://www.abinitio-bio.com,,,,"Abinitio Bio builds foundation models for biomanufacturing, validated against wet lab data. Our first model, Echo, predicts manufacturing outcomes more accurately than standard models, and any pharma or CDMO can adapt it to their own workflow instantly. By making process decisions that take 6-18 months today in hours, we help teams avoid the cost of delay on a single program.",Active,Early,The Intelligence layer for Drug Manufacturing
Infera,,31441,,San Francisco,CA,,USA,ycombinator,https://www.infera.bio,,,,"Describe an experiment in plain English, and Infera turns it into a validated, instrument-ready run across the equipment your lab already uses. Infera handles the protocol logic, vendor-specific scripts, data, inventory, and institutional knowledge in one system. An AI-native compiler for the lab: one system from intent to execution.",Active,Early,Control lab instruments with natural language.
Ditto Biosciences,,31225,,San Francisco,CA,,USA,ycombinator,https://www.dittobio.com/,,,,"Ditto Bio discovers drugs for autoimmune diseases by harnessing parasite biology. Viruses, ticks, and worms have experimented over millions of years to create proteins that control the human immune system. We use AI to identify these proteins and engineer them into next-generation autoimmune therapies.

Our team is three PhD scientists from UCSF, UCSD, and UC Berkeley who have worked together for 3+ years in biotech. We have deep expertise in parasite biology, computational biology, and software for AI-based protein structure prediction",Active,Early,Evolutionary intelligence for autoimmune disease
CellType,,31113,,New York City,NY,,USA,ycombinator,https://www.celltype.com,,,,"CellType is building an agentic drug company. AI agents that run the full drug discovery pipeline on top of biological foundation models that simulate human biology. Our core technology, developed with Google DeepMind, has already discovered and validated a new cancer treatment signal. We’re working with Top 10 pharma.",Active,Early,The agentic drug company. We simulate human biology.
Strand AI,,31108,,San Francisco,CA,,USA,ycombinator,https://strandai.com,,,,"Strand AI develops foundation models to generate missing bio-data about patients. With this imputed data, pharmaceutical companies can select better patients for their drug trials and shave months from their drug launch timelines. We’ve already trained a multimodal foundation model that integrates spatial biology modalities, beating SOTA at a fraction of the cost.",Active,Early,Multimodal foundation models to predict uncollected patient biology
Origin,,31064,,San Francisco,CA,,USA,ycombinator,https://origin.bio/,,,,Creating the largest patient-derived cancer single-cell dataset for licensing to pharmaceutical and AI companies. These datasets are unique as they screen the effects of various drugs and genetic medicines under the control of our DNA switches.,Active,Early,AI and Data for Cancer Therapeutics
Exonic,,30970,,San Francisco,CA,,USA,ycombinator,https://exonic.ai,,,,"What if you could train a biological foundation model on... the entire internet?

Exonic is pioneering a new generation of biological foundation models, focused on heterogeneous, unstructured, and noisy datasets.

Our first application is the design of safer gene therapies.

In 2025, we used AI to set a new state of the art in liver cancer targeted gene therapy, validated in vitro in our lab in San Francisco.

So far in 2026, we have trained a new model with unprecedented zero-shot generalization on genomic regulatory expression in hold-out biosample datasets. More to be shared soon.",Active,Early,Unsupervised Biological AI
Convexia,,30747,,San Francisco,CA,,USA,ycombinator,https://convexia.bio,,,,"An AI-maximalist pharma platform. We use agents to buy drugs, run clinical trials, and sell for a profit. 10x faster and 20x leaner than incumbents.

Sourcing Agent: Mines public/private databases and unstructured global data to surface overlooked preclinical candidates.
Scientific Agent: Runs comp bio models (ESM-3, RFdiffusion, Boltz-2, AlphaFold) to assess safety and efficacy in silico.
Commercial Agent: Analyzes FDA incentives, pricing dynamics, TAM, competitive landscape, and payer alignment.
Clinical Agent: Runs digital twin simulations, evaluates CRO/CMC risk, and builds trial plans to Phase 1.
PoS Agent: Evaluates the most critical factors that impact the likelihood of clinical trial success. 

Built by 2 Stanford CS students who have built 3 startups together before.",Active,Early,The world's first AI-maximalist pharma company
TwentyTwo,,30702,,New York City,NY,,USA,ycombinator,https://twentytwo.bio/,,,,"AI is making biology easy to engineer. Life-saving drugs and therapies are accelerating, but so is the ability for bad actors to create a pandemic. TwentyTwo is working on the defensive stack to prevent the next pandemic.",Active,Early,AI infrastructure for biosecurity
b12 Labs,,30689,,San Francisco,CA,,USA,ycombinator,https://b12-labs.com/,,,,"b12 makes high-value molecules that are otherwise hard to make. We help pharma companies plan and make new drugs, accelerating early-stage drug discovery from years to months.

Andres built the first AI agent that can autonomously think and make molecules in a robotic lab, published in Nature Machine Intelligence (1000+ citations), and won the best paper award at the NeurIPS AI for Science conference.
Zlatko is a 3x National Chemistry Olympiad champion, competed at IChO level, and medicinal chemist who has worked at Roche and leading lab robotics companies. 

Combined, we have an extensive network of hundreds of chemists, automation scientists, and AI 4 Science researchers.

We run paid pilots with big pharma companies, demonstrating that our platform planned a set of experiments that achieved full conversion in a single attempt, eliminating the iteration cycle.",Active,Early,Making hard molecules for Pharma and Biotech
Blank Bio,,30613,,San Francisco,CA,,USA,ycombinator,http://blank.bio/,,,,"Blank Bio is an applied AI research lab focused on increasing the success rates of clinical trials. We do this by training RNA foundation models that learn the patterns that shape disease progression and patient response to treatment. We aim to help pharma make more informed decisions in clinical trials by capturing the biology that makes each patient’s tumour unique. 

We’re a technical team of AI scientists and engineers from companies including Recursion, Deep Genomics, DeepMind, and Amazon, and institutions including Memorial Sloan Kettering Cancer Centre, Stanford, and the Vector Institute.",Active,Early,RNA intelligence for precision medicine
Exin Therapeutics,,29986,,San Francisco,CA,,USA,ycombinator,https://www.exintherapeutics.com/,,,,"We use AI and high-throughput mouse studies to discover therapeutics that modify neural activity in the brain. The initial focus is on epilepsies associated with autism and Parkinson’s disease with the potential to expand to any neurological disorder underlined by a dysfunction in neural activity. Our R&D is guided by AI models trained on high-density multimodal mouse data generated in-house.

We are 3 Oxford-trained neuroscientists supported by an experienced SAB from Harvard, Science Corp (ex-Neuralink), EPFL, Meta, and UCL.

In 1.5 months since landing in SF, we went from nothing to (1) opening and operating an animal lab in South SF, (2) obtaining a proof-of-concept in mice, (3) building a multimodal AI model that directs our screening approach and (4) submitting two provisional patents; all while utilizing less than 50% of our YC funding.",Active,Early,AI drug discovery platform for neurotherapeutics
Uncommon Therapeutics,,29959,,San Francisco,CA,,USA,ycombinator,https://uncommontherapeutics.com,,,,"Our founder Noah, an experienced tech entrepreneur, was directly impacted by a severe genetic disease when his daughter was diagnosed with Rett Syndrome, a disease that afflicts 1 in 10,000 girls. Using an innovative polytherapy strategy, we’ve successfully improved her quality of life, and have designed new therapeutics that each could be worth billions and together could deliver a cure.",Active,Early,"A Disease Focused Biotech, Building Multiple Billion Dollar Drugs"
Biocartesian,,29749,,Philadelphia,PA,,USA,ycombinator,https://www.biocartesian.com,,,,"Finding new cures requires seeing what and where the abnormal molecules are in a diseased tissue, but current tools see less than 1% of those molecules. Biocartesian combines microscopy and new chemistries to see 50X more, offering unprecedented insights into disease biology and new therapies.",Active,Early,Converting biology into digital molecular maps
Kopra Bio,,29714,,San Francisco,CA,,USA,ycombinator,https://kopra.bio,,,,"Kopra Bio makes genetically engineered viruses that teach your immune system to kill cancer using tech we developed at UCSF. We’re making the next Keytruda ($25B/yr cancer drug blockbuster) starting with the most aggressive form of brain cancer, glioblastoma. In the most challenging brain cancer model, we improve survival from 0% with the current FDA approved treatment to 90% with our treatment.",Active,Early,Genetically engineered viruses that teach your immune system to kill…
Ångström AI,,29532,,San Francisco,CA,,USA,ycombinator,https://www.angstrom-ai.com,,,,"Angstrom AI builds GenAI-based molecular simulations to substitute wet lab experiments in the pre-clinical drug development pipeline. We are a team of 2 PhD's and 2 Professors from the University of Cambridge who decided to start a company together after we realised how to combine breakthoughs in our research in quantum-accurate models of physics and generative AI models.

Our Biotech/Pharma clients can verify the efficacy and safety of new drug candidates using our computer simulations, which match the accuracy of wet lab experiments, but are over 100x faster. We achieve this accuracy by constraining our genAI-based simulations to obey the laws of physics, avoiding the hallucinations seen in other GenAI technologies.

Since joining YC, Angstrom AI has developed the first physically accurate gen-AI based simulation of multiple molecules interacting. We have published the first molecule water solubility results with accuracy within the error range of wet lab experiments. We have also kicked-off a 150K pilot project with a pharma company to apply our tech to estimating solubility in their drug development pipeline.",Active,Early,Gen AI molecular simulations that reproduce wetlab results
ParcelBio,,29527,,San Francisco,CA,,USA,ycombinator,https://parcelbio.com/,,,,"ParcelBio is engineering a new class of mRNA medicines designed to deliver unprecedented potency and durability. Its proprietary APEXm™ platform uses novel RNA domains to enhance protein expression and extend activity, enabling therapies that reach the thresholds required for meaningful, and potentially curative, clinical outcomes. The company is advancing programs in autoimmune disease, oncology, and encoded protein therapeutics.",Active,Early,Elevated mRNA for transformative medicines.
Granza Bio,,29485,,San Francisco,CA,,USA,ycombinator,https://www.granzabio.com/,,,,"Granza Bio is developing programmable therapeutics for the immune system. Our platform is built on the foundational discovery of immune “superkiller” attack particles — the natural ammunition used by cytotoxic immune cells to deliver potent, localized killing. By re-arming exhausted immune cells with newly programmed ammunition, Granza restores and enhances immune function. This approach enables a new class of treatments with the potential to transform diseases ranging from cancer to autoimmunity.",Active,Early,Building programmable therapeutics for the immune system
Junction Bioscience,,29476,,New York City,NY,,USA,ycombinator,https://www.junction.bio/,,,,Junction Bioscience is building an autonomous AI scientist to navigate the discovery of transformative medicines. Our scientific hypothesis engine iterates upon breakthrough chemistry from the laboratory to achieve clarity and control over the molecular basis of disease. We focus on the intersection of neuroinflammation and immunology where uncommon molecular insights position us to develop best-in-class therapies for millions of patients in need.,Active,Early,AI Hypothesis Engine for Molecular Discovery
Eris Biotech,,29470,,Lehi,UT,,USA,ycombinator,http://www.erisbio.com,,,,"We are developing cancer therapeutics using small molecules that inhibit immune suppression. Our drugs engage the immune system to aggressively fight tumors. Our therapeutic portfolio addresses a range of solid tumors, starting with mesothelioma.",Active,Early,Our drugs engage the immune system to fight tumors
Velorum Therapeutics,,29429,,San Francisco,CA,,USA,ycombinator,https://www.velorumtx.com/,,,,Velorum Therapeutics is developing breakthrough medicines by unlocking the biology of heme.,Active,Early,Breakthrough medicines unlocking the biology of heme
Ligo Biosciences,,29412,,San Francisco,CA,,USA,ycombinator,https://www.ligo.bio,,,,"We are building the next generation of deep-learning models for enzyme design to slash the cost of chemical manufacturing. The $6 trillion chemical industry is flawed: It produces 20% of industrial greenhouse gases, and is responsible for 15% of global energy usage. 

Enzymes offer a far more sustainable alternative to chemical synthesis and have already revolutionised how a select few chemicals are produced. The problem is each enzyme takes years of trial and error to develop. Our enzyme models learn the principles of catalysis, allowing us to design enzymes for each reaction, in days not years.",Active,Early,Enzyme design models.
ACX,,29406,,New York City,NY,,USA,ycombinator,https://www.acxtherapeutics.com/,,,,"ACX is developing a new standard for precision agriculture technologies by providing sustainable, eco-friendly alternatives to chemical pesticides. Our mission is to transform agriculture through sustainable biological crop protection that increases yields while safeguarding the environment, farmers, and consumers.",Active,Early,Next-generation biocides for sustainable agriculture at scale
SynsoryBio,,29305,,Boston,MA,,USA,ycombinator,https://www.synsorybio.com/,,,,"SynsoryBio is creating next generation, protein therapeutics that sense where they are in the body and only activate at diseased tissue. This technology platform has the potential to expand the therapeutic window of highly potent drugs and apply to many diseases such as cancer and autoimmune disorders.",Active,Early,"""If-then"" conditional logic for protein drugs"
Pando Bioscience,,28425,,Boston,MA,,USA,ycombinator,https://pando.bio/,,,,"Pando is an AI-driven synthetic biology company revolutionizing enzyme engineering for the pharmaceutical industry. Our ultra-high-throughput screening platform screens 1000-fold more enzymes 75% faster and 80% cheaper than traditional methods. This empowers our generative AI to efficiently optimize enzymes across multiple properties, delivering high-performing, tailored enzymes that reduce costs and enhance efficiency.",Active,Early,Gen-AI Designed Enzymes for Pharmaceutical Innovation
Modulari-T,,28205,,Montreal,QC,,Canada,ycombinator,https://modularit.bio,,,,"Cell and gene therapy promises to one day cure any disease; Modulari-T’s Platform produces the tools to fulfill that promise.

Modulari-T has designed a new family of synthetic genes that can reprogram cells to better sense their environment and modify their behavior accordingly. This can be used to engineer immune cells to efficiently recognize and kill cancer cells or to create stem cells able to regenerate any tissue.

Modulari-T looks to expand its technology to reach every area of cell therapy and become the platform of reference for cell engineering.",Active,Early,We teach your immune system to attack and cure cancer
Adventris Pharmaceuticals,,28158,,Baltimore,MD,,USA,ycombinator,https://adventris.com,,,,"Adventris makes cancer vaccines. Our platform solves the problem of targeting poorly immunogenic oncogenes. Our first ""off-the-shelf"" vaccine targets KRAS, the most common cancer oncogene. In the long run, we envision a world where every adult receives our pan-cancer vaccines annually – preventing the majority of cancer deaths.

If you are interested in learning more about our approach to treat and prevent cancer, please reach out to us at contact@adventris.com",Active,Early,Adventris makes cancer vaccines
Persist AI,,28112,,Sacramento,CA,,USA,ycombinator,http://www.persist-ai.com,,,,"It takes 5 years for pharma to develop long lasting drug injections for chronic diseases like cancer and diabetes. Persist uses AI-driven automation to reduce formulation development time down to 2 years, a ~50% reduction.",Active,Growth,Developing long-lasting drug formulations 50% faster
Diffuse Bio,,28037,,San Francisco,CA,,USA,ycombinator,http://diffuse.bio,,,,"Diffuse is building generative AI for protein design. Our mission is to build AI systems that engineer new and useful proteins with unprecedented control and accuracy. Our team has been behind breakthroughs in AI protein design for the past 7 years, including the first experimental validation of AI-generated proteins and diffusion models for protein structure and sequence.",Active,Early,Generative AI for protein design
Novelcare,,27696,,New York City,NY,,USA,ycombinator,https://www.novel.care,,,,"Novelcare addresses the primary bottleneck in drug development: recruiting patients into clinical trials.

We analyze electronic health records to help doctors find clinical trials for their patients, and to help trial sites find patients for their studies. 72% of doctors want to inform their patients of clinical trials, but only 5% do. We're on a mission to close that gap, ultimately bringing safer, more effective drugs to the patients who need them.",Active,Early,Empowering every doctor and every patient to participate in research
Miracle,,27671,,San Francisco,CA,,USA,ycombinator,http://www.miracleml.com,,,,"Miracle is the control room for clinical trials. Our platform consolidates data from multiple trial systems into real-time dashboards, delivering automated insights that empower clinical-stage biopharmaceutical companies to streamline operations, reduce manual workflows, and accelerate data-driven decision-making. By transforming complex trial data into actionable insights, Miracle helps biopharma teams speed up clinical trials, and ultimately, improve patient outcomes.",Active,Early,"Accelerate clinical trials with real-time, actionable insights"
Guardian Bio,,27263,,Boston,MA,,USA,ycombinator,http://www.guardian-bio.com,,,,"Your immune system is your body’s best weapon and defense against cancer. It is only when it is overcome that cancer develops into full blown disease. Dendritic cells sit at the helm of the immune system, directing and dictating immune responses. Data has shown dendritic cells are often dysfunctional in cancer patients, and that this dysfunction is a bottleneck for other therapies. 

Guardian Bio’s approach is focused on creating a dendritic cell-based product which drives anti-tumor activity through activating the killers of the immune system AND training them against multiple cancer targets. We take stem cells from cancer patients, turn them into specific therapeutic dendritic cells specially trained against that patient’s tumor, and re-introduce them back into the body. 

Our therapeutic dendritic cells revitalize the killers of the immune system and give them the kickstart they need to fight - and win - against cancer.",Active,Early,Dendritic cell-based platform for cancer therapy
Quinn,,26912,,San Francisco,CA,,USA,ycombinator,https://www.quinnbio.com,,,,"Quinn makes the highest-stakes scientific decisions in drug development. Which drugs to bet on, what to develop next, how to get them to patients. In days instead of months.",Active,Early,"The AI that delivers pharma R&D decisions in days, not months"
Serinus Biosciences,,26734,,New York City,NY,,USA,ycombinator,http://www.serinus.bio,,,,"Serinus Biosciences is tackling one of the toughest problems in cancer treatment: creating combination therapies to override treatment resistance. We leverage cutting edge technology to design a fully explainable AI platform primed with decades of system biology knowledge. Uniquely powered for biological inference, our AI engine uncovers how cancer cells evolve treatment resistance and identifies molecules to overcome resistance escape routes. We design combinations that are safer, more effective, and can get to patients quickly. Founded by MIT PhDs and supported by a scientific advisory board of top academics from the Broad Institute, Dana-Farber, and UCSD, Serinus is powered by Y Combinator and other top investors to revolutionize precision medicine.",Active,Early,Combinations therapy by rational design
Eugit Therapeutics,,26427,,San Francisco,CA,,USA,ycombinator,http://www.eugittx.com,,,,"Eugit Therapeutics targets the issue of non-specific drugs that cause toxicity and clinical trial failures, affecting millions with tissue-specific inflammatory diseases. TAGHOME delivers drugs with precision to diseased tissues using T cell receptors, enhancing safety and improving efficacy. Our initial focus is on the 3.1 million U.S. individuals with Inflammatory Bowel Disease, aiming to initiate clinical trials within two years.

Cofounded by George Church (Harvard) and funded by Y Combinator (S22).",Active,Early,Enabling Tissue Targeting of Therapies
WhiteLab Genomics,,26311,,,,,,ycombinator,https://whitelabgx.com,,,,"We have developed an AI platform enabling to accelerate the discovery and the design of genomic therapies such as Cell Therapies, RNA Therapies and DNA Therapies.",Active,Growth,Unleashing the potential of DNA and RNA based therapies using AI
"Origami Therapeutics, Inc.",,26122,,San Diego,CA,,USA,ycombinator,http://origamitherapeutics.com,,,,"Origami Therapeutics, Inc. is a biotech company developing novel protein degraders with potential to delay or halt disease progression by eliminating toxic proteins from the body. Our drug discovery platform leverages our proprietary human disease models developed to select the small molecules with the best chance of clinical success. Our first indication is Huntington’s disease, a debilitating, progressive and ultimately fatal disorder caused by a genetic mutation. We have already identified small molecules that reduce the toxic mutated protein, suppress mutant protein-induced toxicities in human disease neurons and get into the brain. We anticipate that this approach will be broadly applicable to traditionally “undruggable” targets in other neurological diseases.",Active,Early,Oral drugs to halt neurodegeneration
Alixia,,25449,,San Francisco,CA,,USA,ycombinator,http://www.alixia.com,,,,"Our compounds disrupt the metabolic and
inflammatory triggers in both cancer and quasi-cancerous
cells in the tumor microenvironment. By impacting multiple cell
types, we are enabling effective, lasting cancer treatments.",Active,Early,Targeting the Tumor Ecosystem to address cancer drug resistance.
Invert,,25399,,San Francisco,CA,,USA,ycombinator,http://www.invertbio.com/,,,,"We build software to manage, analyze, and optimize bioprocessing data. Our initial customers are bio-industrial companies, who produce various products in bioreactors.",Active,Growth,Data analytics software for biomanufacturing.
Brown Foods,,25349,,Boston,MA,,USA,ycombinator,https://unrealmilk.com/,,,,"Brown Foods is a Stanford, Rice University and IIT Delhi alumni venture creating UnReal Milk - 'real milk' made using mammalian cell culture, AI enabled. They are the world's 1st company to produce cow-free whole milk in lab (Forbes). Targeting the $700 billion dairy market and $22 billion alternate dairy market with UnReal Milk - which could be converted into butter, cheese, ice-creams etc. and has taste and texture exactly like conventional dairy - unlike any of the plant based milks like oat milk or soy milk. Also, no animal cruelty and 82% lower carbon foot-print!

Using the same technology, they have also created real human milk targeting the $80 billion infant formula market. And who knows if adults also start drinking human milk in future!",Active,Early,Making 'REAL' Cow and Human Milk!
Rosebud Biosciences,,25321,,San Francisco,CA,,USA,ycombinator,https://rosebudbiosciences.com/,,,,"Rosebud Biosciences accelerates drug development by screening drugs against organoids (micro-organs) that have the same gene mutations as the patients. We partner with therapeutics companies to screen their drugs, and we perform our own drug discovery for rare diseases that have no existing treatments. Our organoids are also fetal-like and enable discovery of novel drug targets for pediatric diseases. This technology was validated at Stanford, published in a prestigious journal, and has already led to the discovery of a drug target in a pediatric heart disease that could not have been found using traditional disease models.",Active,Early,Growing micro-organs to find new drugs
Keylika,,25151,,San Francisco,CA,,USA,ycombinator,https://www.keylika.com,,,,"Keylika is an early stage biopharma startup developing metal-based drugs using a platform synthesis technology to treat unmet medical needs. We then administer these drugs using proven delivery technologies to effect the best clinical outcomes. 

Our first product is a small molecule iron drug (new molecular entity) delivered by a wearable skin patch to treat Iron Deficiency Anemia (IDA), with significantly higher safety, efficacy and tolerability over existing treatments. This is poised to be a best-in-class, potentially breakthrough therapy for treating iron deficiency without any GI side-effects (eg. nausea, constipation, diarrhea, etc.) typically associated with oral iron supplements, and without the risks, costs and side-effects associated with IV iron infusions. When approved, Keylika’s proprietary transdermal iron will be the world's first prescription iron patch. Iron deficiency is a hugely understated problem affecting about 1.6 billion people worldwide and more than 30 million in the US alone, translating to a $17B US market.",Active,Early,Redefining the Standard of Care for Iron Deficiency Anemia
SFA Therapeutics,,24795,,Philadelphia,PA,,USA,ycombinator,https://sfatherapeutics.com/,,,,"SFA Therapeutics is creating therapeutically-tailored oral drugs that regulate the immune system; with a focus on autoimmune diseases and cancers that originate from chronic inflammation. There are over 300 million patients who suffer from autoimmune diseases. Our treatment is designed to block the root cause of many of these chronic inflammatory diseases, with safe oral drugs. We have strong clinical data from a phase 1b clinical trial in psoriasis, and human data in pancreatic cancer, uveitis and NASH. we have a total of 9 drugs in our pipeline and 15 patents.",Active,Early,Regulating the immune system to block cancer & autoimmune diseases
CellChorus,,24737,,Houston,TX,,USA,ycombinator,https://cellchorus.com,,,,"At CellChorus, we apply artificial intelligence to evaluate thousands of microscopy videos in parallel to evaluate how immune cells move, interact and perform over time. This allows our customers to discover, develop, manufacture and deliver cell therapies, antibodies, vaccines and other novel therapies faster, at lower expense, and with higher rates of success.

Our customers include top-25 biopharma companies and seed-stage biotechs that are developing cell therapies, antibody therapeutics and vaccines (including one of the few companies with an approved CAR T cell therapy).

Hear from the team at https://www.youtube.com/watch?v=IE9x_tm0XnI",Active,Early,The dynamic single-cell analysis company
Output Biosciences,,24727,,New York City,NY,,USA,ycombinator,https://www.outputbio.com/,,,,"Output is a fully integrated AI lab building Artificial General Biological Intelligence, from the molecular level up to whole systems. The discovery of new biology and the design of therapeutic moonshots become routine.",Active,Early,The foundation for the next era of biology
Humane Genomics,,24601,,New York City,NY,,USA,ycombinator,https://humanegenomics.com,,,,"Humane Genomics has developed a platform to engineer cancer killing viruses. We have taken a first principles approach to design and make oncolytic viral therapies. Using a highly lytic RNA virus engineered with ""2 factor authentication"" (using selective infection and selective replication) they have an on-target to off-target kill ratio > 1000. We are working on our first indication, pediatric liver cancer (hepatoblastoma), with our partners at Texas Children's Hospital, who are world leading experts. We have in vivo (mouse) data showing safety and currently developing efficacy data and are showing 50% reduction in tumor volume.",Active,Early,A platform to make artificial viruses as cancer therapeutics.
Matrubials,,24528,,Davis,CA,,USA,ycombinator,https://matrubials.com/,,,,"Matrubials is an anti-infectives company, focused on human milk peptides as therapeutics to address antimicrobial resistance and modern diseases. Currently the global rise in severe bacterial infections and the drying pipeline of effective treatments are burdensome for healthcare and economics. Sculpted by evolution, milk, first food for the newborn, provides an exemplary solution to address the nutritive and protective challenges an infant is faced with. The anti-pathogenic molecules from milk can be developed into therapeutics geared towards all-age diseases. Our first indication is bacterial vaginosis, a bacterial dysbiosis related inflammation that results in recurrent infections, disruption of homeostasis and long-term clinical complications in women of reproductive age, including but not limited to preterm births, fertility issues and increased rates of STDs. Our next inflection point is the evaluation of rapidly acting and selective candidate peptides in pre-clinical host impact and early safety studies, which can aid clinical and portfolio development towards topical applications.",Active,Early,Developing milk-inspired therapeutics for infectious diseases
Harmonic Discovery,,24467,,New York City,NY,,USA,ycombinator,http://harmonicdiscovery.com,,,,"We are a drug discovery company developing a new generation of therapeutics that embrace the complexity of disease. Currently available approaches for creating drugs work on the principle of finding one drug-one protein 'magic bullets'. However, diseases such as cancer and autoimmunity are often the result of several dysregulated proteins across many distinct biological pathways. 

We are building a computational-experimental platform to design therapeutics that can target several disease-causing proteins at once. By designing multi-specific drugs, we are able to create therapeutics that are more efficacious and safer than existing medicines.",Active,Early,Multi-targeted therapeutics to treat complex diseases
Pirouette Pharma,,24188,,Boston,MA,,USA,ycombinator,https://www.pirouettepharma.com/,,,,"At Pirouette, we have developed a low-profile, disk-shaped, rugged injection device with a patient-centric focus on affordability, portability, and usability. The patented device, based on extensive patient input, is designed to make administering an injection as easy as pushing a button. This allows individuals with limited or no training to easily and intuitively perform an injection on themselves or others.",Active,Growth,We make injections as easy as pushing a button!
BLUUMBIO,,24082,,San Francisco,CA,,USA,ycombinator,http://www.bluumbio.com,,,,"Our mission

-To ensure current and future generations have access to clean soil, water & air.

-To protect and restore earth's beautiful and diverse ecosystems.

-To undo the harm of industrial activity on the planet and ensure future industrial activities are more sustainable.

Our research

-We develop new bio-based solutions that break down and remove toxic chemicals from the environment.  We also develop bioreactor based solutions which remove toxins from industrial production pipelines, ensuring contaminants are never released into the environment.

-To do this, we've partnered with Nature. Specifically, we have harnessed the power of one of Nature's smallest but most powerful technologies: enzymes. Enzymes are everywhere. They break down the food in your stomach, remove dirt from your clothes, and make our beer. At BluumBio, we look for enzymes found in bacteria, algae, plants and other living organisms that naturally degrade toxic chemicals. We then make these enzymes work better in the lab and come up with develop new applications for these technologies.",Active,Early,We make bacteria and plants that clean up pollution.
Parallel Bio,,24081,,San Francisco,CA,,USA,ycombinator,http://parallel.bio,,,,"Parallel Bio is pioneering human-first drug discovery by creating the first map of human biology. Using groundbreaking biological and computational tools that track real clinical outcomes, the company generates data that enable earlier, more reliable decisions about disease biology and drug development. 

Parallel Bio’s platform overcomes the core limitations of traditional animal testing, which fails to encapsulate the complexity of human biology. The company is building internal pipelines of novel disease targets and drug candidates in both cancer and autoimmune disease, while collaborating with pharmaceutical companies to evaluate therapies directly in human systems to reduce the cost and risk of clinical trials. 

Based in San Francisco, the company was founded in 2021 by two of the world’s leading experts in replacing animal models with human-first platforms.",Active,Early,Using the immune system to cure disease
Catena Biosciences,,24008,,San Francisco,CA,,USA,ycombinator,https://www.catenabiosciences.com/,,,,"Catena’s technology lets us attach any two proteins together using an enzyme and the native amino acids tyrosine and cysteine within target proteins. It is a true platform technology because it enables the joining of any two soluble proteins together with minimal engineering and without restrictions due to protein size or complexity. Our work has already been used to modify cancer specific antibodies, CRISPR proteins and even cell surfaces. Our ability to produce modular protein therapeutics in a fraction of the time allows for true library creation across the therapeutics spectrum from oncology, vaccines, inflammatory disease and beyond.",Active,Early,Using protein coupling to build new therapies
Mindstate Design Labs,,23951,,San Francisco,CA,,USA,ycombinator,http://mindstate.design,,,,"We're making every therapeutically valuable emotion available on demand in pharmaceutical form.

Our Osmanthus platform is an ensemble of AI models that synthesize the world’s largest datasets of psychoactive pharmacology and phenomenology, quantitatively pinpointing the combination of neurotransmitter receptor activity that underlies various emotional as well as cognitive and perceptual states.

Our lead program MSD-001 is designed to be rapid-acting and produce heightened emotional and cognitive flexibility without hallucinations. MSD-001 is currently in human trials, and will be the base ingredient for multiple drug combination ""emotions in a bottle"" such as empathy, awe, clarity, or beauty.",Active,Early,Clinical-stage AI neuroengineering platform
Talus Bio,,23945,,Seattle,WA,,USA,ycombinator,https://www.talus.bio,,,,"We have built a platform that enables drug discovery and development for previously undruggable genome regulators (""the regulome""). We accomplish this by moving drug discovery out of artificial systems where regulome proteins fail to function properly, and back into live human cells. Our technology combines innovations in automated cell processing, next-gen proteomics, and advanced data analytics to measure a drug's effect on the entire regulome in one experiment.",Active,Early,Discovering drugs that target the DNA regulome
Promakhos Therapeutics,,23783,,Boston,MA,,USA,ycombinator,https://www.promakhos.com/,,,,"We are building a platform of bacterial molecules to awaken our body’s innate ability to control inflammation and heal. Our first indication is Crohn’s Disease, which affects over 500,000 Americans at an annual cost of $10B. After Crohn's disease, we are going for type 1 Diabetes and Multiple Sclerosis.",Active,Early,A therapeutics platform for curing inflammatory disorders
Entelexo Biotherapeutics,,23263,,Irvine,CA,,USA,ycombinator,https://www.entelexo.com/,,,,"Entelexo is creating modern treatments for immune-mediated diseases, such as psoriasis, using novel engineered exosome technology.",Active,Early,Creating a New Class of Drugs to Address Incurable Autoimmune Diseases
Biodock,,23190,,,,,,ycombinator,https://www.biodock.ai,,,,"Biodock's cloud platform accelerates microscopy analysis, automating months of microscopy analysis and infrastructure to minutes with our end-to-end AI architecture.  Scientists enjoy auto-scaling storage, GPU compute, and 30-50% more accurate analysis.

We're building an amazing experience to translate microscopy images to therapeutic insights for academic and enterprise scientists.",Active,Early,Cloud AI microscopy automation
Valink Therapeutics,,22764,,Boston,MA,,USA,ycombinator,https://www.valinktx.com/,,,,"Valink Therapeutics develops next generation antibody-based therapeutics. We identify novel mechanism of action from known targets by incorporating multiple antibody modifications at once, rapidly and scalable generating complex drug candidates (bi-/multispecificity, multivalency and drug-conjugation in a single discovery process). Our research focus is on solid tumours poorly addressed by immunotherapy.",Active,Early,Discovering bispecific antibody drug-conjugates (BsADC) against cancer
Trestle Biotherapeutics,,22618,,San Diego,CA,,USA,ycombinator,http://www.trestlebio.com,,,,"We are developing an implantable therapeutic tissue that will be surgically delivered to patients suffering from end stage renal disease.  Upon implantation, this tissue will supplement the patient's renal function, eliminating their dependency on dialysis and improving their disease status. This has the potential to not only get these patients off dialysis - a significant impact for them and their families - but to greatly extend the time required before kidney transplantation is essential.",Active,Early,Bioengineered kidneys for patients with kidney failure
Serna Bio,,22617,,Ontario,CA,,USA,ycombinator,http://serna.bio,,,,"Serna Bio is developing small molecules to modulate RNA function, unlocking the potential to treat diseases driven by biology intractable by other modalities.",Active,Early,Genetic Medicine with Small Molecules
Gilgamesh Pharmaceuticals,,22334,,New York City,NY,,USA,ycombinator,https://www.gilgameshpharmaceutical.com,,,,"Gilgamesh is a pioneering, clinical stage mental health science-focused biotechnology company. We have a disciplined focus on developing innovative new chemical entities (NCEs) leveraging a unique combination of medicinal chemistry, intellectual property strategy, neuroscience & neurobiology, and drug development expertise. We are an experienced team, with proven success in biotech exits and inventions.",Active,Early,"Gilgamesh Pharmaceuticals, a Clinical stage biotechnology company…"
Rarebird,,22306,,San Francisco,CA,,USA,ycombinator,http://www.rarebird.coffee,,,,"We are making coffee for caffeine sensitive people. We do this by producing the world's first caffeine replacement, paraxanthine. It's better than caffeine at waking you up and causes fewer side effects, like anxiety and jitteriness.",Active,Early,Elevating mental health to be a part of your daily coffee ritual.
Nephrogen,,22045,,New York City,NY,,USA,ycombinator,http://www.nephrogenbiotech.com,,,,"Nephrogen is a Stanford biotech spin-out developing curative genetic medicines for kidney and pancreatic diseases. Kidney disease alone affects 1 in 7 Americans, and neither indication has any approved gene-based therapies. 

Nephrogen's underlying platform combines AI and high-throughput screening to engineer safer, more efficient, and less expensive gene delivery vehicles for reaching the kidney and pancreas, and has attracted non-dilutive funding from seven major pharmaceutical companies including Merck KGaA, Novartis, and Bristol Myers Squibb.",Active,Early,Curative genetic medicines for kidney diseases
Kingdom,,22043,,New York City,NY,,USA,ycombinator,https://kingdomsuperculture.com,,,,"Kingdom creates clinically-validated Superculture® ingredients from natural microbes to improve the health of pets and people.  We’re the world’s first AI-native ingredients company, delivering industry-leading efficacy in a fraction of the traditional development time.",Active,Growth,Clinically-validated ingredients from natural microbes
Nabla Bio,,21992,,Boston,MA,,USA,ycombinator,https://www.nabla.bio,,,,"Our mission is to enable pharmaceutical and biotech companies to bring more antibody therapies to patients. Using AI and massively parallel experimentation, we design antibodies that precisely bind the disease target at the right location, while minimizing manufacturability and toxicity risks. We are a well-funded, revenue-generating, bilingual company of wet- and dry-lab scientists, and are founded by AI and protein design experts from Harvard University.",Active,Growth,We use AI to design antibodies for intractable diseases
Kernal Biologics,,21881,,Boston,MA,,USA,ycombinator,https://www.kernalbio.com/,,,,"Kernal Bio is a biotech company pioneering mRNA 2.0 immunotherapies. We leverage selective mRNA-LNP technology to treat cancer and autoimmune diseases with precision, ensuring targeted cell delivery and minimal off-target effects. Our KR-402 program achieves over 90% delivery efficiency with T-cell-targeted LNPs, enabling direct CAR-T programming within the body and resulting in B-cell depletion within a week.
 
Kernal Bio is led by a team with experience from MIT, Harvard, Merck, and BMS, boasting three FDA-approved therapies and over 120 patents. Based in Cambridge, MA, we are backed by Hummingbird Ventures, Amgen Ventures, HBM, and even NASA.

With roots at MIT, Harvard and Biopharma, Kernal’s management team has deep expertise in mRNA therapeutics space. CEO Yusuf Erkul, M.D., M.B.A. is a successful drug hunter whose research at Merck enabled an FDA-approved drug for ovarian cancer. President Burak Yilmaz, M.S., previously founded Sentegen, a thriving synthetic biology company which commercializes synthetic DNA, RNA, and diagnostic kits for genetic and infectious diseases. Sr. VP of R&D Manfred Kraus is a leader in immuno-oncology, who was most recently Scientific Sr. Director at Bristol-Myers Squibb (BMS).",Active,Early,Kernal is creating mRNA 2.0 therapies that work in specific cells
Circumvent,,2029,,Portland,OR,,USA,ycombinator,https://www.circumventpharmaceuticals.com/,,,,,Active,Early,Utilizing monogenic disorders to inform and solve highly complex…
Rejuvenation Technologies Inc.,,2028,,San Francisco,CA,,USA,ycombinator,https://www.rejuvenationtech.com/,,,,"Stanford-patented essential drug platform unlocks the healthspan, which is limited by short telomeres. Extends mouse lifespan by equivalent of 10 years in humans. Reverses 5-10 years of telomere shortening with one dose in one day. Preclinical efficacy in 4 organ systems including immune system. Entering clinical stage. CEO is Subject #1 in longevity trial. 50+ granted patents, 7 patent families. FDA INTERACT cleared. Raising $10M seed extension ($2M+ wired) to fund 3 investigator-initiated trials. Readouts in Q3 2027. $6.8B in comparable mRNA-LNP M&A in last 12 months.",Active,Early,mRNA therapeutics to extend healthspan entering clinical trials
Synkrino Biotherapeutics,,2015,,San Francisco,CA,,USA,ycombinator,http://www.synkrino.bio,,,,,Active,Early,"Synkrino's AI, SATIS is a powerful, unbiased discovery system for…"
CB Therapeutics,,1964,,San Diego,CA,,USA,ycombinator,http://www.cbthera.com,,,,"CB Therapeutics engineers microbes to produce high-value ingredients for medicines, supplements, and other wellness products through sustainable biomanufacturing.",Active,Early,Fermentation-derived natural products to solve health problems
64x Bio,,1939,,San Francisco,CA,,USA,ycombinator,http://www.64xbio.com,,,,"The future of medicine is taking shape, but scaling it remains a challenge. Some of the biggest breakthroughs in next generation therapies are being held back by manufacturing constraints. The science is moving fast, but the infrastructure is still catching up.

Our VectorSelect platform is designed to unlock the scale these therapies need to survive. We combine massively parallelized screens with computational insights to engineer high yield cell lines and production technologies — accelerating the manufacturing of advanced therapies from the inside out.",Active,Early,Enabling next generation medicines. A comprehensive platform and…
Hepatx,,1931,,San Francisco,CA,,USA,ycombinator,http://www.hepatx.com,,,,Our vision is to provide regenerative medicine treatments that free patients from chronic liver disease and help usher in an era where diseased and damaged tissues can be repaired.,Active,Early,Replacing organ transplant with an infusion
Rebellyous Foods,,1929,,Seattle,WA,,USA,ycombinator,https://rebellyous.com/,,,,"Rebellyous Foods is a food manufacturing technology and production company defined solely to catapult meat alternative production toward price parity with animal-based meat.  Rebellyous implements novel food manufacturing equipment and processes in large-scale production to produce low-cost plant-based meat at high volumes.  These goals are achieved through uniquely designed food products, the use of high-throughput manufacturing automation and ‘smart’ production centers, and the development and utilization of new innovative low-energy manufacturing tools.  Working closely with industry partners, Rebellyous makes plant-based meat sustainable, affordable, and widely available.",Active,Growth,Rebellyous Foods is a food manufacturing technology and production…
C16 Biosciences,,1892,,New York City,NY,,USA,ycombinator,https://www.c16bio.com/,,,,"C16 Biosciences is decarbonizing consumer products supply chains by producing next-generation ingredients. The company's biomanufacturing platform produces better performing, more sustainable alternatives to oils and fats, and their first product is an alternative to palm oil. The company owns and operates Palmless™ alternative fats and oils.",Active,Growth,"Next-gen ingredients to decarbonize consumer products, starting w/…"
Culture Biosciences,,1856,,San Francisco,CA,,USA,ycombinator,https://culturebiosciences.com,,,,"Culture Biosciences grows cells for biotech companies.  Our customers genetically modify organisms to produce new therapeutics, materials, fuels and foods. We help them quickly run experiments and  develop manufacturing processes so they can get their products to market faster. We've built proprietary software and automation systems to make operating our bioreactors more efficient than existing systems. We also provide customers with new software tools that help them analyze and contextualize their data. We are currently serving a number of biotech customers and scaling out our infrastructure.",Active,Growth,We grow cells for biotech companies.
Persephone Biosciences,,1773,,San Diego,CA,,USA,ycombinator,http://persephonebiosciences.com/,,,,"Persephone Biome develops live biotherapeutic products to modulate the metabolism of gut microbes, for applications in disease prevention and cure. We take a unique engineering approach using systems and synthetic biology to understand the complexities of the microbiome.",Active,Early,We are using the gut microbiome to end cancer.
Tradewind BioScience,,1768,,San Francisco,CA,,USA,ycombinator,https://www.tradewindbio.com,,,,"Our lead candidate is a multifaceted attack antibody for ovarian cancer. Our approach enables targeting primary cancer cells directly, alongside enabling the immune system's natural anti-cancer function, all with one therapeutic antibody.",Active,Early,Tradewind translates scientific insight into innovative ways of…
Nectome,,1767,,San Francisco,CA,,USA,ycombinator,https://nectome.com/,,,,"Nectome is a neuroscience startup that aims to preserve the brain and keep all its memories intact.

The company is building the next generation of tools to preserve the connectome. The connectome is all the connections called synapses between neurons in the brain. Researchers from the company is now learning to manipulate individual memories, building advanced brain prosthetics, and reverse-engineering the brain.",Active,Early,Building a way to preserve long-term memories.
Macromoltek,,1760,,Austin,TX,,USA,ycombinator,https://www.macromoltek.com,,,,"Macromoltek: Revolutionizing antibody design.

Description:  Macromoltek, a computational de novo drug design company, rapidly produces accurate and credible antibody designs. We have built a proprietary platform that enables design against difficult targets inaccessible by traditional methods and have are already designing antibodies for large biopharmas and smaller biotechs.",Active,Early,Computational antibody design
Forever Labs,,1696,,Ann Arbor,MI,,USA,ycombinator,https://foreverlabs.com,,,,"Forever Labs collects and stores adult stem cells, and develops therapies based upon stem cell rejuvenation.",Active,Early,"We bank your stem cells to help you live healthier, longer."
Sigma Genetics,,1581,,Seattle,WA,,USA,ycombinator,http://www.sigmagenetics.com,,,,"Sigma Genetics develops devices that can deliver DNA, RNA, and other charged molecules into cells by using magnetic fields. When compared to conventional electroporation, this technique has several key advantages, which include: the absence of arcing, the ability to scale, and the benefit of being non-invasive for in vivo applications. This platform technology can be applied to a wide range of applications- cell therapies, cancer drug delivery, DNA vaccines, biopharma manufacturing, and cosmetics.",Active,Early,Sigma Genetics is a biotechnology company that is building…
Helix Nanotechnologies,,1560,,Boston,MA,,USA,ycombinator,http://helixnano.com,,,,"Technology finds information and delivers physical products to us almost instantly. mRNA does the same for biology. At HelixNano, we see a world where treatments are cheap, progress is decentralized, and you can modify biology at the push of a button.

By focusing on mRNA improvements from first principles, we’re getting there faster than we thought. Experiments that used to take months or years can be done in weeks and cost thousands instead of millions. The rate limiting step for our progress is now scientific curiosity.

Rigid hierarchies and top-down decisions will miss the magic. Some of our most powerful technologies started out as side projects of junior team members. At HelixNano, every individual scientist can have a massive impact on the company's direction. And the more diverse our team, the faster we’ll find the really cool ideas.

We've started rolling out some of our new tech — moving a COVID-19 vaccine candidate for the immunocompromised towards the clinic, and testing an intervention with massive environmental impact. But we’re scientists at heart, and team focus is solidly on the horizon.",Active,Growth,"Next-generation mRNA platform to solve cancer, COVID and climate."
Indee Labs,,1551,,San Francisco,CA,,USA,ycombinator,http://www.indeelabs.com,,,,"Intracellular delivery is the most problematic step in T cell immunotherapy discovery, development and manufacturing. Indee Labs is developing a non-viral intracellular delivery system based on microfluidic vortex shedding (µVS) to rapidly deliver nucleic acids, proteins and gene editing complexes to patient and donor T cells with minimal perturbation.",Active,Early,"Enabling T cell immunotherapy discovery, development and manufacturing"
Solugen,,1513,,Houston,TX,,USA,ycombinator,https://solugen.com/,,,,"Solugen is decarbonizing the chemistry of everyday life with enzymes and innovative metal catalysts. Our new to the world Bioforge platform technology can produce high value chemical goods that are biobased and carbon negative, at cost on par with current technologies. We are making sustainable chemistry accessible to all living things, to ensure a prosperous world exists for generations.",Active,Growth,Decarbonizing the chemicals industry.
Algen Biotechnologies,,13705,,San Francisco,CA,,USA,ycombinator,https://www.algenbio.com/,,,,"Algen is using CRISPR to uncover disease-driving RNA messages to find treatments for cancer, inflammation and diseases with high unmet needs. We are harnessing the power of CRISPR and machine learning to find first-in-class drugs that modulate RNA messages at single-cell resolution. Algen's founders are bioengineer from Jennifer Doudna Lab and biotech commercialization expert, teamed up with experienced pharmaceutical executives.",Active,Early,Using CRISPR to find treatments for cancer and inflammation
Ansa Biotechnologies,,13671,,San Francisco,CA,,USA,ycombinator,http://ansabio.com,,,,"Ansa Biotechnologies is developing a new way to make DNA that will be faster, cleaner, and more accurate than existing methods. Currently, DNA is manufactured via a chemical method that has remained mostly unchanged for 35 years. Our enzyme-based approach promises to dramatically accelerate innovation in biological research and biotechnology, including therapeutics, diagnostics and biomanufacturing.",Active,Early,Next-generation DNA synthesis using enzymes
Menten AI,,13616,,San Francisco,CA,,USA,ycombinator,http://menten.ai,,,,"Menten AI designs protein drugs and enzymes using quantum computing and machine learning. Their technology leapfrogs current computational methods making it possible to design previously intractable proteins. The team created the first protein design algorithm for current and near-term quantum computers and created the world’s first protein designed on a quantum computer. They are now working on 3 new proteins, including a peptide to prevent the spread of viruses like Covid-19. They have 2 paid pilot projects with multinational chemical companies and 4 LOI’s with pharma and biotech companies.",Active,Early,Menten AI designs peptide and protein therapeutics using quantum…
Equator Therapeutics,,13601,,San Francisco,CA,,USA,ycombinator,https://equatortherapeutics.com/,,,,"We are developing a drug to increase metabolism and burn calories without exercise.

Obesity and type 2 diabetes have reached epidemic proportions. There are 2.2B overweight people and 500M people with type 2 diabetes worldwide, and these numbers increase drastically every year. Existing drugs are not effective enough to reverse the trend. Our drug can solve this problem, because it addresses the root cause of metabolic disorders – the imbalance between caloric intake and expenditure.

Our drug will target mitochondria – the powerhouse of the cell – to generate heat. This approach has been proven to fully reverse obesity and type 2 diabetes in animals. However, therapeutic application for humans was impossible, because mitochondrial heat production could only be induced by highly artificial methods with side effects. This changed after our recent breakthrough discovery of the protein that mitochondria naturally use to generate heat. We have developed a unique high-throughput drug discovery platform to identify compounds that selectively activate this target protein, without side effects.

For decades people have wanted a drug that burns calories like exercise does. We are realizing this dream at Equator Therapeutics.",Active,Early,We are developing a drug to burn calories and increase metabolism…
OpenBiome,,13434,,Boston,MA,,USA,ycombinator,http://openbiome.org,,,,"We are a nonprofit stool bank, expanding safe access to fecal transplants and catalyzing research on the human microbiome.",Active,Early,A nonprofit stool bank enabling access to fecal transplants.
PostEra,,13332,,Boston,MA,,USA,ycombinator,https://postera.ai/,,,,"PostEra is building a modern 21st century biopharma. We're using our advances in machine learning to accelerate Medicinal Chemistry and bring more cures to patients. PostEra advances small molecule programs through partnerships with biopharma while also advancing its own internal pipeline. We've raised $26M from top investors and closed $1Bn in AI partnerships, signing multi-year agreements with Amgen, Pfizer and the NIH. PostEra also launched and led the world's largest open-science drug discovery effort; COVID Moonshot.",Active,Growth,Medicinal Chemistry powered by Machine Learning
Altay Therapeutics,,13217,,San Francisco,CA,,USA,ycombinator,http://www.altaytherapeutics.com,,,,"Altay develops small molecule drugs to treat chronic liver diseases like liver fibrosis and liver cancer.  Our co-founder Dr. Osman Ozes, led the first drug development program for Esbriet (Pirfenidone), resulting in the first FDA approved therapy for lung fibrosis. Esbriet is now a $1 billion/year drug and has already made over $6 billion in revenue. 

With a team that has over 70+ years of small molecule drug development experience, we intend to do the same with chronic liver diseases, which affects over 20 million Americans and represents a market size of over $30 billion. 

We know we are well positioned for success because we have shown excellent pre-clinical mouse data in several liver fibrosis models using our novel small molecule. We demonstrate a reduction in fibrosis with our drug, but more significantly, we show a reversal in fibrotic tissue back to normal tissue. 

With our current developmental strategy, we hope to have a clinic-ready compound by the end of 2021 and be in phase I clinical trials by mid of 2022.",Active,Early,Altay develops disease-modifying therapies targeting transcription…
General Proximity,,13216,,San Francisco,CA,,USA,ycombinator,https://www.generalproximity.bio/,,,,,Active,Early,The next generation of induced-proximity medicines.
Abalone Bio,,13081,,San Francisco,CA,,USA,ycombinator,https://www.abalonebio.com,,,,"Abalone Bio is tackling challenging undrugged targets underlying diseases affecting millions, focusing first cell-specific antibody drugs to treat obesity and metabolic disease without the GI side effects that cause 25% of GLP-1 drug patients to quit after 1 year. 

+ High throughput experimental measurement uniquely leverages AI/ML:  We’ve engineered cells to measure antibodies for pharmacological activity, not just structure or binding like others, 100 million at a time, 100X+ the throughput of others. With our large, proprietary activity datasets, we uniquely leverage ML to both unlock the discovery of rare hits and generate optimized hits for challenging targets, starting with G-protein coupled receptors (GPCRs)

+ Proven success: We have developed antibody agonists (activators) for 2 out of the 8 G-protein coupled receptors ever drugged by biotech.

+ Pharma traction: We’ve secured 3 partnerships with $3M in revenue and $125M in downstream value. 

+ Externally validated science: We’ve been awarded $7M in non-dilutive grant funding for platform and program development.",Active,Early,We create activating antibodies to treat diseases others can’t.
Asher Bio,,12861,,San Francisco,CA,,USA,ycombinator,https://www.asherbio.com/,,,,"Asher Bio is a biotechnology company developing precisely targeted immunotherapies for cancer and other diseases. Our cis-targeting platform aims to enable selective activation of specific immune cell types, addressing the inherent limitations of otherwise pleiotropic immunotherapies that act on multiple cell types. Our approach has the potential to precisely direct different immune mediators against a range of target immune cell-types and create best-in-class immunotherapies in cancer, autoimmune and infectious diseases. 

Asher Bio is backed by Third Rock Ventures and is located in South San Francisco.",Active,Growth,We build better immunotherapies
Kern Systems,,12664,,Boston,MA,,USA,ycombinator,https://www.kernsystems.com,,,,"DNA has emerged as a compelling data storage medium due to its density, longevity, and eternal relevance compared to current memory technologies. However, the high price of synthesizing DNA remains a major bottleneck for adoption of this promising storage solution. We are pioneering new approaches to synthesizing DNA for data storage with enzymes and custom digital codecs. We are building an interdisciplinary team to build the world's most scalable information infrastructure in DNA. 

We seek technical experts in enzyme engineering, chemistry, hardware engineering, and information theory. We also seek business development to identify emerging markets for early use cases of our technology.",Active,Early,Using DNA to store data.
Arpeggio Bio,,12663,,Boulder,CO,,USA,ycombinator,http://www.arpeggiobio.com,,,,"Arpeggio Bio is a pioneering pharmaceutical company that develops drugs targeting transcription factors using AI and high-throughput RNA-sequencing. With $20M in venture funding, we've targeted ""undruggable"" proteins like NRF2, TEAD, and GPX4 where our lead program is rapidly progressing towards a DC for the treatment of IO-resistant melanoma. With partnerships with J&J and FORMA, we've validated our platform in rare disease and inflammation with a significant Phase I success.",Active,Early,Arpeggio Bio develops drugs targeting transcription factors using AI…
GEn1E Lifesciences,,12614,,San Francisco,CA,,USA,ycombinator,https://www.gen1e.com,,,,"GEn1E Lifesciences is a Clinical-stage, multi-target company with a unique AI platform. We develop novel, next-generation, immunomodulatory therapies for rare & inflammatory diseases with no effective treatments. Our team is supercharging the drug development cycle by applying AI to multiple-mechanism-of-action protein targets and their natural platform capabilities—creating novel therapeutics at an unprecedented pace. Our AI platform has enabled us to develop a purpose-built therapy for ARDS to reduce its $20 billion cost on society (just in the USA). 
 
GEn1E has built a rich pipeline of 21+ novel and selective immunomodulators and has plans to accelerate 2 additional devastating diseases (beyond their lead indication) to IND in the next 12 months. Our AI platform enables tremendous pace and capital efficiency as demonstrated by our progress in ~2 years with seed capital—a stark contrast to the typical spend of $100M+ and 7+ years exhibited in the pharmaceuticals / biotech industry.
 
With ~90% of rare diseases having no therapeutic treatment at all, GEn1E is taking a giant swing that will hopefully bring life-saving therapies to the lives of patients in need.
 
The team at GEn1E has decades of experience in drug development and machine learning. We graduated from YCombinator and Stanford-StartX in late 2019. We are based in Palo Alto, CA.",Active,Early,AI platform accelerating therapies for rare & inflammatory diseases.
Shiru,,12531,,Emeryville,CA,,USA,ycombinator,https://www.shiru.com/,,,,,Active,Early,Shiru leverages ML to create proteins to feed the world sustainably.
Synvivia,,1251,,San Francisco,CA,,USA,ycombinator,https://www.synvivia.com,,,,Synvivia applies chemical control over cell behavior. This allows us to optimize biomanufacturing of high-value biopharmaceutical products.,Active,Early,Synvivia applies chemical control over cell behavior
YourChoice Therapeutics,,12355,,San Francisco,CA,,USA,ycombinator,http://ychoicetx.com,,,,"YourChoice Therapeutics is revolutionizing the global contraceptive market. Our vision is to develop non-hormonal contraceptives to provide both women and men with birth control options that lack the associated risks of hormone-based options but are equally effective. Traditionally, it has been the women’s financial and health burden to have a contraceptive in place. Our first goal is therefore to  bring a novel non-hormonal, on-demand and low cost female contraceptive to the market that will substantially improve their quality of life and well-being. Our second goal is to develop the first ever non-surgical and highly effective non-hormonal contraceptive for men. Currently, male contraception is limited to two main options – vasectomy or condoms. Having such options available to both women and men will globally allow for much better family planning, reduce the number of unwanted pregnancies including abortions and therefore reduce costs and ensure contraceptive health and well-being.",Active,Early,YourChoice therapeutics is revolutionizing the contraceptive market…
1910,,12286,,Boston,MA,,USA,ycombinator,http://1910.ai,,,,"We are the only AI-native biotech pioneering small and large molecule therapeutics discovery by integrating massive multimodal data, frontier AI models, and high-throughput lab automation into an infrastructure for AI-enabled drug discovery.",Active,Growth,Multimodal AI Platform for Modality Agnostic Drug Discovery™
"Volta Labs, Inc.",,12085,,Boston,MA,,USA,ycombinator,http://voltalabs.com,,,,"Volta Labs is a genomics applications company that has developed a cutting-edge digital fluidics platform to maximize performance and scalability of sample preparation in genomics while providing unparalleled consistency. Volta is transforming the way biological research and analyses are performed, allowing scientists to focus on what they do best -- pushing the boundaries of biology.

As a collective of scientists and builders working at the intersection of engineering and biology, we imagine a world where extracting vital information from biological samples is as simple as pressing a button. That's our vision, and we're turning it into reality.

Our HQ is in Boston’s Seaport, where we develop and manufacture our technology. We believe in cross-functional collaboration and continuous learning –  whether your interest is in biology, MechEng, CompEng, or simply joining a fast-growing startup striving to make the world a better place, we'd love to welcome you to our team. Check out some of our blog posts to learn more about work life at Volta.",Active,Growth,Unlocking the utility of genomics for the world.
Intact Therapeutics,,12056,,San Francisco,CA,,USA,ycombinator,http://www.intacttherapeutics.com,,,,Intatct is developing an advanced materials platform to improve the way drugs are delivered and absorbed in the digestive tract. Our vision is to improve the treatment of a wide range of gastrointestinal disorders that are currently underserved.,Active,Early,Smart gels for local drug delivery to the gut
Excepgen,,12046,,San Francisco,CA,,USA,ycombinator,http://www.excepgen.com,,,,,Active,Early,
LEAH Labs,,11979,,Minneapolis,MN,,USA,ycombinator,http://www.leahlabs.com,,,,"LEAH Labs is building living therapies for pets first, and their people next. We're first focused on CAR-T cell therapy for dogs with B cell lymphoma, the naturally occurring clinical analog of human non-Hodgkin's lymphoma. CAR-T cells are curative in humans, and our early results are showing the same - we're inducing remissions in pets with late stage lymphomas. Our virus-free gene editing platform allows us to engineer a dose of CAR-T cell therapy for ~$500, and brings the promise of a curative outcome. Given our safety and efficacy data to date, we believe this product could be used by general practice veterinarians, meaning we have thousands of customers all across the USA who typically treat with palliative care or refer cancer patients to specialty oncologists. Our CAR-T cell platform is regulated by the USDA, not the FDA, affording us a cost effective ""full stack"" to iterate and innovate on CAR-T cell therapy from a hypothesis through clinical validation.",Active,Early,"Living therapies for pets first, and their people next"
Perlara,,1100,,San Francisco,CA,,USA,ycombinator,http://perlara.com,,,,"Perlara 1.0 (Feb 2014 - Feb 2019) launched early R&D joint ventures called PerlQuests with highly motivated rare disease families, companies or impact investors. We screened gene-edited patient avatars for repurposable drugs in order to build a predictive R&D engine called ArkBase. We planned to monetize programs based on ArkBase predictions by selectively spinning out asset-centric clinical development NewCos.

Perlara 1.5 (March 2019 - April 2020) was the transition to a one-person virtual clinical development company and when the epalrestat and aripiprazole repurposing trials were launched at Mayo Clinic for the treatment of PMM2-CDG and NGLY1-CDDG, respectively.

Perlara 2.0 (May 2020 --> The first decentralized and distributed biotech",Active,Early,Perlara: building the YC for rare disease parents
Lygos,,1097,,San Francisco,CA,,USA,ycombinator,http://www.lygos.com,,,,"Founded in 2010, Lygos is providing biotechnology solutions for today’s renewable chemical challenges. They engineer microbes to convert sugars into high-value, industrial chemicals, targeting compounds where biological production is cost-advantaged over petrochemical production.",Active,Growth,Lygos engineers yeast to convert sugar into high-value industrial…
zPREDICTA,,916,,San Francisco,CA,,USA,ycombinator,http://zpredicta.com,,,,"zPREDICTA is developing organ-specific, physiologically-relevant 3D cell culture models providing a 1-to-1 reconstruction of human tissues. This is the only available 3D culture approach that comprehensively accounts for the major components of the cellular and extracellular tissue microenvironment preserving the critical interactions between a tumor and its surroundings. Clinical study data demonstrate the high correlation between drug efficacy measured in our platform and the clinical response. The ability of the zPREDICTA platform to reliably predict clinical outcomes offers superior compound attrition management, empowering researchers to exclude ineffective compounds while selecting agents with a high probability of success in the clinic.

Our approach is compatible with any drug class, multiple tissue/cell types and a wide variety of readouts.  Our customers are using these models for efficacy screening of anticancer compounds, including immuno-oncology agents, evaluation of mechanisms of drug resistance, the rescue of failed drug candidates, assessment of off-target toxicity, and a multitude other applications.",Acquired,Early,Patient-derived 3D tissue reconstruction models for preclinical…
Engage Bio,,25331,,San Francisco,CA,,USA,ycombinator,http://engagebio.com,,,,"Engage Bio has developed Tethosomes, a new class of non-viral DNA which finally unleashes potent, durable, redosable, and scalable genetic medicine.
 
In 2026 Engage was acquired by Eli Lilly.",Acquired,Early,"Potent, durable, and redosable non-viral genetic medicines"
Inflow,,24443,,,,,,ycombinator,https://getinflow.io/,,,,"Inflow is a self-help app for people to manage their ADHD. They provide support through psychoeducation, habit development, and community.",Acquired,Early,A self-help app for people to manage their ADHD.
Current Foods,,21839,,San Francisco,CA,,USA,ycombinator,http://currentfoods.com,,,,Creating the next generation of seafood with plants and biotechnology. No compromises on taste and health while winning on price and consistency. First products are raw tuna and smoked salmon.,Acquired,Early,Impossible foods of seafood.
Dorian Therapeutics,,2027,,San Francisco,CA,,USA,ycombinator,http://www.doriantherapeutics.com,,,,,Acquired,Early,New therapeutics to rejuvenate tissue and treat age-related diseases
Coral Genomics,,1981,,San Francisco,CA,,USA,ycombinator,https://www.coralgenomics.com,,,,"Coral integrates molecular, functional, and clinical factors to create new clinical laboratory tests that predict optimal treatments for autoimmune diseases.

We have also identified a unique subpopulation of patients who do not respond to current therapies and are working towards addressing this unmet medical need.",Acquired,Early,New clinical tests for managing autoimmune treatments.
Dropprint Genomics,,13219,,San Francisco,CA,,USA,ycombinator,http://dropprintgen.com/,,,,"Who we are?
We write software that understands the activity of individual cells as opposed to all cells. This approach is novel because we are no longer looking at average signals and can be precise. It is like a police person trying to identify the speeding car, they won’t find it if they look at all the cars at once, rather they need to look at the speed of each individual car. This is the beauty of single cell genomics, we can now identify that speeding car.

Why now?
The biggest barrier for entry into the single cell genomics market are cost and data analysis. To that end, we have reduced the cost by 10-fold and built the computational infrastructure for scalability. Although single cell sequencing has only been around for about five years, we come from one of the top single cell genomics labs and were the first to process and analyze millions of immune cells. Thanks to our software solutions, we have been able to bring big data solutions to the immune system.

Where are we and where are we going?
We have generated a database of over 1 million immune cells spanning healthy, cancerous, and autoimmune immune cells and are growing through paid partnerships. Harnessing out database and ML software, we can take a data-centric approach for better target discovery. Fortunately, as our database continues to grow, our models will continue to learn for more precise, unbiased, and automated single cell genomics.

Thank you!",Acquired,Early,The better way to run single cell genomics
Volumetric,,13079,,Houston,TX,,USA,ycombinator,https://volumetricbio.com/,,,,"About Us
Volumetric is a recognized world leader in building living multicellular tissues, with a focus on replicating discrete functions of the human body for basic mechanistic biology, laboratory testing and screening, and drug development. Founded in 2018 by Bagrat Grigoryan and Jordan Miller as a spin-out from Rice University, the full potential of our work is to build whole human organ replacements for patients, made from their own cells.

Our Technology and Approach
We have invented a suite of breakthrough 3D bioprinting technologies, featured on the cover of Science, that can build human tissue with complex blood vessel networks. We are leveraging this technology in the short term to build patient-specific tissues for drug safety and efficacy testing. Patient cells are taken from a biopsy, added to our proprietary 3D printed tissues, and then drug compounds are injected through the blood vessel network to mimic actual drug delivery in humans. Our vision is that our technology will provide rigorous, reproducible, and predictive outcomes for patients, resulting in drastically improved outcomes for diseases like cancer. More broadly, we see the full potential of our mission as being able to produce functional tissue and organ replacements for diseased or damaged vital organs in the body such as the lung, liver, pancreas, kidney, and heart.",Acquired,Early,Volumetric builds living multicellular tissues with a focus on the…
