Establishment Name,"City, State/Zip",FEI,Establishment Status
"Advanced BioScience Laboratories, Inc","Kensington, Maryland / 20895-1078",1000305483.0,INACTIVE
Adventist Lab Partners Blood Center,"Bolingbrook, Illinois / 60440",3004628686.0,INACTIVE
Alton Ochsner Medical Foundation East Baton Rouge Donor Center,"Baton Rouge, Louisiana / 70816",3001514235.0,INACTIVE
Altru Health System Altru Health System D.B.A. Dak Minn Blood Bank,"Grand Forks, North Dakota / 58201",3009905846.0,ACTIVE
American Fork Hospital,"American Fork, Utah / 84003",1771295.0,INACTIVE
American Red Cross Blood Services,"Richmond, Virginia / 23222-1416",3009558892.0,INACTIVE
American Red Cross Blood Services - Southern California Region,"Escondido, California / 92025",3001722748.0,INACTIVE
American Red Cross Blood Services Greater Chesapeake & Potomac Region,"Washington, District of Columbia / 20037",1000136171.0,INACTIVE
American Red Cross Blood Services Greater Ozarks Region,"Springdale, Arkansas / 72764",2377751.0,INACTIVE
American Red Cross Blood Services New England Region,"Springfield, Massachusetts / 01199",1000120398.0,INACTIVE
American Red Cross Blood Services Northern OH Reg-St. Elizabeths's Hosp,"Youngstown, Ohio / 44501",1525429.0,INACTIVE
American Red Cross Blood Services Northern OH Rgn.-Youngstown Hos. Assoc.,"Youngstown, Ohio / 44501",1000069881.0,INACTIVE
American Red Cross Blood Services Southern California Region,"Irvine, California / 92612",3003538428.0,INACTIVE
American Red Cross Blood Services Southwest Region,"Abilene, Texas / 79601",1641927.0,INACTIVE
American Red Cross Blood Services St. Paul Region,"St. Paul, Minnesota / 55107",1000116307.0,INACTIVE
American Red Cross Blood Services St. Paul Region-Alexandria Location,"Alexandria, Minnesota / 56308",3001509711.0,INACTIVE
American Red Cross Blood Services St. Paul Region-Lake Rgn. Hospital,"Fergus Falls, Minnesota / 56537",2177755.0,INACTIVE
American Red Cross Blood Services; Badger Region,"LaCrosse, Wisconsin / 54601",1000520233.0,INACTIVE
Department of Defense - Air Force Armed Services Whole Blood Processing Laboratory-West,"Travis AFB, California / 94535",1000307132.0,ACTIVE
Baptist Hospital Donor Center,"Winner, South Dakota / 57580",1770175.0,INACTIVE
"Biological Specialty Company LLC dba BioIVT, LLC","Allentown, Pennsylvania / 18102",3009057813.0,INACTIVE
"Biological Specialty Company LLC dba BioIVT, LLC","Colmar, Pennsylvania / 18915",2577632.0,ACTIVE
"Biological Specialty Company LLC dba BioIVT, LLC","Reading, Pennsylvania / 19602",2523698.0,INACTIVE
"Biomat USA, Inc.","Boca Raton, Florida / 33431",3003537708.0,ACTIVE
"Blood Systems, Inc.","Muscle Shoals, Alabama / 35661",1000113057.0,INACTIVE
"Blood Systems, Inc.","Hot Springs, Arkansas / 71913",2376384.0,INACTIVE
"Blood Systems, Inc.","Rogers, Arkansas / 72756",2377727.0,INACTIVE
"Blood Systems, Inc.","Thousand Oaks, California / 91360",3001502602.0,INACTIVE
"Blood Systems, Inc.","Norridge, Illinois / 60656",3001472753.0,INACTIVE
"Blood Systems, Inc.","Alsip, Illinois / 60658",3001473529.0,INACTIVE
"Blood Systems, Inc. Jackson Center","Odessa, Texas / 79761",1000118718.0,INACTIVE
Bonfils Blood Center Denver at Health Sciences Center,"Denver, Colorado / 80262-3706",1775535.0,INACTIVE
"Canventa Life Sciences, Inc.","Emeryville, California / 94608",3015820087.0,ACTIVE
"Centeon Bio-Services, Inc.","Atlanta, Georgia / 30309",3001461059.0,INACTIVE
Central Blood Bank - D. L. Clark Building,"Pittsburgh, Pennsylvania / 15212",1000307030.0,INACTIVE
"Central Jersey Blood Center, Inc.","Eatontown, New Jersey / 07724",3008300945.0,INACTIVE
"Central Kentucky Blood Center, Inc.","Hazard, Kentucky / 41701-1712",1000136242.0,INACTIVE
Civil Defense Border Blood Bank Donor Center,"International Falls, Minnesota / 55649",2177729.0,INACTIVE
Clearwater County Memorial Donor Center,"Bagley, Minnesota / 56621",3001509704.0,INACTIVE
Community Memorial Hospital Donor Center,"Cloquet, Minnesota / 55720",2177719.0,INACTIVE
"Community Memorial Hospital, inc.","Deer River, Minnesota / 56636",2170000.0,INACTIVE
"Component Processing Laboratory, UCLA Health, Blood & Platelet Center","Los Angeles, California / 90095-1713",2074237.0,ACTIVE
Cuyuna Range District Donor Center,"Crosby, Minnesota / 56455",3001509709.0,INACTIVE
"DLP Marquette General Hospital, LLC","Escanaba, Michigan / 49829",1000306322.0,ACTIVE
DeLand & Noell Corporation,"Morgan City, Louisiana / 70380",1000520971.0,INACTIVE
DeLand & Noell Corporation,"New Iberia, Louisiana / 70560",1000306908.0,INACTIVE
DeLand & Noell Corporation,"Meridian, Mississippi / 39301",1000306906.0,INACTIVE
DeLand & Noell Corporation,"Laurel, Mississippi / 39440",1000306907.0,INACTIVE
DeLand & Noell Corporation,"Greensboro, North Carolina / 27403",1000305371.0,INACTIVE
"DeLand, Noell & Harwood Partnership","Crowley, Louisiana / 70526",1000306910.0,INACTIVE
Department of the Navy,"Boston, Massachusetts / 02118",1283786.0,INACTIVE
Distribution Center of GNYBP Good Samaritan Hospital,"Suffern, New York / 10901",2477547.0,INACTIVE
Distribution Center of GNYBP Newton Memorial Hospital,"Newton, New Jersey / 07860",2244645.0,INACTIVE
"DonoVivo, LLC","Novi, Michigan / 48377",3025612837.0,ACTIVE
Emory University,"Atlanta, Georgia / 30322",3001459672.0,INACTIVE
Eveleth Fitzgerald Community Donor Center,"Eveleth, Minnesota / 55734",2177727.0,INACTIVE
First Care Medical Services Blood Bank,"Fosston, Minnesota / 56542",2177728.0,INACTIVE
"Florida's Blood Centers, Inc.","Ft. Myers, Florida / 33901",1000307725.0,INACTIVE
"Frederick Health Hospital, Inc.","Frederick, Maryland / 21701",3033574000.0,ACTIVE
"Greyledge Technologies, LLC","Miami, Florida / 33133",3008724474.0,ACTIVE
Grifols Bio Supplies Inc.,"Memphis, Tennessee / 38134",3009460700.0,INACTIVE
Grifols Bio Supplies Inc.,"Memphis, Tennessee / 38134",3013456535.0,INACTIVE
HeMemics Biotechnologies Inc,"Rockville, Maryland / 20855",3007391312.0,INACTIVE
Hematology/Oncology Associates of Central New York,"Syracuse, New York / 13210",3000718048.0,INACTIVE
"Jensen Beach Branch Palm Beach Blood Bank, Inc.","Jensen Beach, Florida / 34957",1000114419.0,INACTIVE
Lakeview Memorial Hospital Donor Center,"Two Harbors, Minnesota / 55616",2177705.0,INACTIVE
Landmann-Jungmann Memorial Hospital Donor Center,"Scotland, South Dakota / 57059",1720868.0,INACTIVE
Lawrence Memorial Hospital Blood Bank,"Lawrence, Kansas / 66044",1972384.0,INACTIVE
LifeServe Blood Center,"Johnston, Iowa / 50131",1970355.0,ACTIVE
LifeServe Blood Center,"Sioux City, Iowa / 51106",1970344.0,ACTIVE
LifeServe Blood Center,"Aberdeen, South Dakota / 57401",3022881402.0,ACTIVE
Vitalant LifeSource,"Pittsburgh, Pennsylvania / 15220-3508",3015335082.0,INACTIVE
LifeSource dba Virginia Blood Services,"Roanoke, Virginia / 24019",3009883910.0,INACTIVE
"LifeSouth Community Blood Centers, Inc.","Birmingham, Alabama / 35209-6321",1000112695.0,ACTIVE
Littlefork Municipal Hospital Donor Center,"Littlefork, Minnesota / 56653",2177730.0,INACTIVE
"Manatee County Blood Bank, Inc., HCA L.W. Blake Hospital","Brandenton, Florida / 33529",1045419.0,INACTIVE
"Marine Biologicals, Inc.","Seaville, New Jersey / 08223",1000080649.0,INACTIVE
Miller-Dwan Hospital Med Ctr Donor Center,"Duluth, Minnesota / 55805",2177725.0,INACTIVE
"Mississippi Blood Services, Inc.","Greenville, Mississippi / 38701",3001511798.0,INACTIVE
"National Health Guard, Inc.","Tampa, Florida / 33603",1000151143.0,INACTIVE
"New York Blood Center, Inc.","Rye, New York / 10580",2473015.0,ACTIVE
"New York Blood Center, Inc.","Westbury, New York / 11590",2470902.0,ACTIVE
Norman County Blood Bank Donor Center,"Ada, Minnesota / 56510",2177713.0,INACTIVE
North Country Hospital Mississippi Headwaters Blood Bank,"Bemidji, Minnesota / 56601",3001509705.0,INACTIVE
North Shore Hospital Donor Center Gunflint Trail,"Grand Marais, Minnesota / 55604",2177712.0,INACTIVE
Northern Itasca Hospital Donor Center,"Bigfork, Minnesota / 56628",2177759.0,INACTIVE
Oklahoma Blood Institute,"Tulsa, Oklahoma / 74137-1902",3003949970.0,ACTIVE
Oklahoma Blood Institute Oklahoma Blood Institute Arkansas Blood Institute - Little Rock,"Little Rock, Arkansas / 72211",3011714312.0,ACTIVE
Oklahoma Blood Institute Oklahoma Blood Institute Coffee Memorial Blood Center,"Amarillo, Texas / 79124",1671267.0,ACTIVE
"Oncologics, Inc.","Lafayette, Louisiana / 70501",1000306911.0,INACTIVE
"OneBlood, Inc.","Tallahassee, Florida / 32308",1072542.0,ACTIVE
"OneBlood, Inc.","Pensacola, Florida / 32514",1070202.0,ACTIVE
"OneBlood, Inc.","Hialeah, Florida / 33016",1072594.0,ACTIVE
"OneBlood, Inc.","Lake Park, Florida / 33403",1070214.0,ACTIVE
"OrganaBio,LLC","Miami, Florida / 33167",3016082743.0,ACTIVE
Paul I. Hoxworth Blood Ctr U of Cinncinnati,"Cincinnati, Ohio / 45220",3001479192.0,INACTIVE
"Physician's Plasma Alliance Inc. (PPA) dba Biological Specialty Company (BSC) dba BioIVT, LLC","Johnson City, Tennessee / 37615",3007934251.0,ACTIVE
Provenience Biosciences,"Menlo Park, California / 94025",3010666951.0,INACTIVE
"Response Oncology, Inc. d/b/a IMPACT Center of Savannah","Savannah, Georgia / 31405",1000110854.0,INACTIVE
"Response Oncology, Inc. d/b/a IMPACT Center of St. Louis","Chesterfield, Missouri / 63017",1000119274.0,INACTIVE
SFP Research,"Liberty, North Carolina / 27298",1000110802.0,INACTIVE
Sacramento Medical Foundation,"Sacramento, California / 95816",3000718304.0,INACTIVE
Sacred Heart Hospital Donor Center,"Yankton, South Dakota / 57078",1770176.0,INACTIVE
San Diego Blood Bank,"Orange, California / 92868",3000719954.0,INACTIVE
Sandstone Area Hospital Donor Center,"Sandstone, Minnesota / 55072",1000049104.0,INACTIVE
"Source Bio, Incorporated","Temecula, California / 92590",3006768036.0,ACTIVE
Southwest Oklahoma Blood Institute,"Lawton, Oklahoma / 73501",,INACTIVE
St. Bernard's Hospital Donor Center,"Milbank, South Dakota / 57252",3001504453.0,INACTIVE
St. Gabriel's Hospital Donor Center,"Little Falls, Minnesota / 56345",2177709.0,INACTIVE
St. John's Hospital Donor Center,"Browerville, Minnesota / 56438",3001509706.0,INACTIVE
St. Joseph's Hospital Donor Center,"Brainerd, Minnesota / 56401",2177711.0,INACTIVE
St. Luke's Hospital Donor Center,"Duluth, Minnesota / 55805",,INACTIVE
St. Mary's Hospital Donor Center,"Pierre, South Dakota / 57501",1770174.0,INACTIVE
"Suncoast Communities Blood Bank, Inc.","Bradenton, Florida / 34211",1051993.0,ACTIVE
Tennessee Blood Services Corp. Tennessee Blood Services Corp. dba Biological Specialty Company (BSC) dba BioIVT,"Memphis, Tennessee / 38105",1072765.0,ACTIVE
The American National Red Cross The American National Red Cross,"Birmingham, Alabama / 35242",1073001.0,ACTIVE
The American National Red Cross The American National Red Cross,"Mobile, Alabama / 36607",1073005.0,ACTIVE
The American National Red Cross The American National Red Cross,"Great Falls, Montana / 59405-5296",1772995.0,ACTIVE
The American National Red Cross The American National Red Cross,"Las Vegas, Nevada / 89119",3008366020.0,ACTIVE
The Blood Center,"Hammond, Louisiana / 70403",2374536.0,ACTIVE
"The Blood Connection, Incorporated","Morrisville, North Carolina / 27560",3014286287.0,ACTIVE
Tri-Counties Blood Bank,"Salinas, California / 93906",1000161290.0,INACTIVE
Tulane University Hospital,"Slidell, Louisiana / 70458",,INACTIVE
United District Hospital Donor Center,"Staples, Minnesota / 56479",2177734.0,INACTIVE
United Hospital Donor Center-Dak-Minn Blood Bank,"Grand Forks, North Dakota / 58201",1770177.0,INACTIVE
"Upstate New York Transplant Services, Inc.","Buffalo, New York / 14203",3006261650.0,INACTIVE
"Upstate New York Transplant Services, Inc.","Williamsville, New York / 14221",3000718051.0,ACTIVE
Vascular Solutions LLC ( a subsidiary of Teleflex),"Maple Grove, Minnesota / 55369",3002827704.0,ACTIVE
"Versiti Blood Health, Inc. Versiti Blood Health, Inc","Columbus, Ohio / 43202",3015387520.0,ACTIVE
Vitalant,"Brisbane, California / 94005-1210",3016436029.0,ACTIVE
Vitalant,"Kalispell, Montana / 59901",3014346633.0,INACTIVE
Wellstar Community Blood Bank,"Marietta, Georgia / 30062",3006257321.0,INACTIVE
Willis-Knighton South,"Shreveport, Louisiana / 71118",3009465978.0,ACTIVE
